Sample_ID;Object;Exploratory;Plot_ID;Bee_Species;Date;Name_of_acid;Concentration
PNUTOBFA1718109;Pollen;Hainich;HEG9;"Osmia bicornis";2018-06-08;"Sebacic (Decanedioic) acid";0
PNUTOBFA1718109;Pollen;Hainich;HEG9;"Osmia bicornis";2018-06-08;"Myristic (Tetradecanoic) acid";9.4036
PNUTOBFA1718109;Pollen;Hainich;HEG9;"Osmia bicornis";2018-06-08;"Methyltetradecanoic acid 1 & 2";0.6251
PNUTOBFA1718109;Pollen;Hainich;HEG9;"Osmia bicornis";2018-06-08;"Hexadecatrienoic acid";0
PNUTOBFA1718109;Pollen;Hainich;HEG9;"Osmia bicornis";2018-06-08;"Pentadecanoic acid";1.4028
PNUTOBFA1718109;Pollen;Hainich;HEG9;"Osmia bicornis";2018-06-08;"Palmitoleic (Hexadecenoic) acid 1&2";10.5698
PNUTOBFA1718109;Pollen;Hainich;HEG9;"Osmia bicornis";2018-06-08;"Palmitic (Hexadecanoic) acid";30.922
PNUTOBFA1718109;Pollen;Hainich;HEG9;"Osmia bicornis";2018-06-08;"Methylhexadecanoic acid 1 & 2";1.1734
PNUTOBFA1718109;Pollen;Hainich;HEG9;"Osmia bicornis";2018-06-08;"Margaric (Heptadecanoic) acid";4.1318
PNUTOBFA1718109;Pollen;Hainich;HEG9;"Osmia bicornis";2018-06-08;"Docosatetraenoic acid";0
PNUTOBFA1718109;Pollen;Hainich;HEG9;"Osmia bicornis";2018-06-08;"Linoleic (Octadecadienoic) acid";26.2587
PNUTOBFA1718109;Pollen;Hainich;HEG9;"Osmia bicornis";2018-06-08;"Oleic acid & Linolenic acid";10.1276
PNUTOBFA1718109;Pollen;Hainich;HEG9;"Osmia bicornis";2018-06-08;"Stearic (Octadecanoic) acid";19.7989
PNUTOBFA1718109;Pollen;Hainich;HEG9;"Osmia bicornis";2018-06-08;"Octadecatrienoic acid 1";1.1328
PNUTOBFA1718109;Pollen;Hainich;HEG9;"Osmia bicornis";2018-06-08;"Octadecatrienoic acid 4";0
PNUTOBFA1718109;Pollen;Hainich;HEG9;"Osmia bicornis";2018-06-08;"Arachidic (Eicosanoic) acid";8.4114
PNUTOBFA1718109;Pollen;Hainich;HEG9;"Osmia bicornis";2018-06-08;"Behenic (Docosanoic) acid";6.7362
PNUTOBFA1718109;Pollen;Hainich;HEG9;"Osmia bicornis";2018-06-08;"Nervonic (Tetracosenoic) acid";0
PNUTOBFA1718109;Pollen;Hainich;HEG9;"Osmia bicornis";2018-06-08;"Lignoceric (Tetracosanoic) acid 1";1.3658
PNUTOBFA1718109;Pollen;Hainich;HEG9;"Osmia bicornis";2018-06-08;"Methyltetracosanoic acid 2";1.1661
PNUTOBFA1718109;Pollen;Hainich;HEG9;"Osmia bicornis";2018-06-08;"Cerotic (Hexacosanoic) acid 2";2.2866
PNUTOBFA1718109;Pollen;Hainich;HEG9;"Osmia bicornis";2018-06-08;"Montanic (Octacosanoic) acid";0
PNUTOBFA1718109;Pollen;Hainich;HEG9;"Osmia bicornis";2018-06-08;"Capric (Decanoic) acid";2.7737
PNUTOBFA1718109;Pollen;Hainich;HEG9;"Osmia bicornis";2018-06-08;"Lauric (Dodecanoic) acid";3.1728
PNUTOBFA1718109;Pollen;Hainich;HEG9;"Osmia bicornis";2018-06-08;"Azelaic (Nonanedioic) acid";1.0486
PNUTOBFA1718108;Pollen;Hainich;HEG9;"Osmia bicornis";2017-08-01;"Adipic (Hexanedioic) acid";0
PNUTOBFA1718108;Pollen;Hainich;HEG9;"Osmia bicornis";2017-08-01;"Capric (Decanoic) acid";1.0481
PNUTOBFA1718108;Pollen;Hainich;HEG9;"Osmia bicornis";2017-08-01;"Lauric (Dodecanoic) acid";3.9282
PNUTOBFA1718108;Pollen;Hainich;HEG9;"Osmia bicornis";2017-08-01;"Azelaic (Nonanedioic) acid";0.9654
PNUTOBFA1718108;Pollen;Hainich;HEG9;"Osmia bicornis";2017-08-01;"Sebacic (Decanedioic) acid";0
PNUTOBFA1718108;Pollen;Hainich;HEG9;"Osmia bicornis";2017-08-01;"Myristic (Tetradecanoic) acid";9.2939
PNUTOBFA1718108;Pollen;Hainich;HEG9;"Osmia bicornis";2017-08-01;"Methyltetradecanoic acid 1 & 2";0.4017
PNUTOBFA1718108;Pollen;Hainich;HEG9;"Osmia bicornis";2017-08-01;"Hexadecatrienoic acid";0
PNUTOBFA1718108;Pollen;Hainich;HEG9;"Osmia bicornis";2017-08-01;"Pentadecanoic acid";3.0672
PNUTOBFA1718108;Pollen;Hainich;HEG9;"Osmia bicornis";2017-08-01;"Palmitoleic (Hexadecenoic) acid 1&2";17.3948
PNUTOBFA1718108;Pollen;Hainich;HEG9;"Osmia bicornis";2017-08-01;"Palmitic (Hexadecanoic) acid";39.3533
PNUTOBFA1718108;Pollen;Hainich;HEG9;"Osmia bicornis";2017-08-01;"Methylhexadecanoic acid 1 & 2";2.4549
PNUTOBFA1718108;Pollen;Hainich;HEG9;"Osmia bicornis";2017-08-01;"Margaric (Heptadecanoic) acid";5.2297
PNUTOBFA1718108;Pollen;Hainich;HEG9;"Osmia bicornis";2017-08-01;"Docosatetraenoic acid";0
PNUTOBFA1718108;Pollen;Hainich;HEG9;"Osmia bicornis";2017-08-01;"Linoleic (Octadecadienoic) acid";23.5434
PNUTOBFA1718108;Pollen;Hainich;HEG9;"Osmia bicornis";2017-08-01;"Oleic acid & Linolenic acid";29.3362
PNUTOBFA1718108;Pollen;Hainich;HEG9;"Osmia bicornis";2017-08-01;"Stearic (Octadecanoic) acid";20.4475
PNUTOBFA1718108;Pollen;Hainich;HEG9;"Osmia bicornis";2017-08-01;"Octadecatrienoic acid 1";0.7563
PNUTOBFA1718108;Pollen;Hainich;HEG9;"Osmia bicornis";2017-08-01;"Octadecatrienoic acid 4";0
PNUTOBFA1718108;Pollen;Hainich;HEG9;"Osmia bicornis";2017-08-01;"Arachidic (Eicosanoic) acid";16.4759
PNUTOBFA1718108;Pollen;Hainich;HEG9;"Osmia bicornis";2017-08-01;"Behenic (Docosanoic) acid";9.9125
PNUTOBFA1718108;Pollen;Hainich;HEG9;"Osmia bicornis";2017-08-01;"Nervonic (Tetracosenoic) acid";1.2812
PNUTOBFA1718108;Pollen;Hainich;HEG9;"Osmia bicornis";2017-08-01;"Lignoceric (Tetracosanoic) acid 1";7.0124
PNUTOBFA1718108;Pollen;Hainich;HEG9;"Osmia bicornis";2017-08-01;"Methyltetracosanoic acid 2";2.3142
PNUTOBFA1718108;Pollen;Hainich;HEG9;"Osmia bicornis";2017-08-01;"Cerotic (Hexacosanoic) acid 2";3.1462
PNUTOBFA1718108;Pollen;Hainich;HEG9;"Osmia bicornis";2017-08-01;"Montanic (Octacosanoic) acid";0
PNUTOBFA1718109;Pollen;Hainich;HEG9;"Osmia bicornis";2018-06-08;"Caprylic (Octanoic) acid";1.2698
PNUTOBFA1718109;Pollen;Hainich;HEG9;"Osmia bicornis";2018-06-08;"Glutaric (Pentanedioic) acid";0
PNUTOBFA1718109;Pollen;Hainich;HEG9;"Osmia bicornis";2018-06-08;"Pelargonic (Nonanoic) acid";1.5147
PNUTOBFA1718109;Pollen;Hainich;HEG9;"Osmia bicornis";2018-06-08;"Adipic (Hexanedioic) acid";0
PNUTOBFA1718106;Pollen;Hainich;HEG8;"Osmia bicornis";2017-06-03;"Cerotic (Hexacosanoic) acid 2";1.7891
PNUTOBFA1718106;Pollen;Hainich;HEG8;"Osmia bicornis";2017-06-03;"Montanic (Octacosanoic) acid";1.401
PNUTOBFA1718108;Pollen;Hainich;HEG9;"Osmia bicornis";2017-08-01;"Caprylic (Octanoic) acid";0.0898
PNUTOBFA1718108;Pollen;Hainich;HEG9;"Osmia bicornis";2017-08-01;"Glutaric (Pentanedioic) acid";0
PNUTOBFA1718108;Pollen;Hainich;HEG9;"Osmia bicornis";2017-08-01;"Pelargonic (Nonanoic) acid";0.2147
PNUTOBFA1718101;Pollen;Hainich;HEG6;"Osmia bicornis";2017-06-03;"Montanic (Octacosanoic) acid";0
PNUTOBFA1718106;Pollen;Hainich;HEG8;"Osmia bicornis";2017-06-03;"Caprylic (Octanoic) acid";0
PNUTOBFA1718106;Pollen;Hainich;HEG8;"Osmia bicornis";2017-06-03;"Glutaric (Pentanedioic) acid";0
PNUTOBFA1718106;Pollen;Hainich;HEG8;"Osmia bicornis";2017-06-03;"Pelargonic (Nonanoic) acid";0.1133
PNUTOBFA1718106;Pollen;Hainich;HEG8;"Osmia bicornis";2017-06-03;"Adipic (Hexanedioic) acid";0
PNUTOBFA1718106;Pollen;Hainich;HEG8;"Osmia bicornis";2017-06-03;"Capric (Decanoic) acid";1.526
PNUTOBFA1718106;Pollen;Hainich;HEG8;"Osmia bicornis";2017-06-03;"Lauric (Dodecanoic) acid";6.9795
PNUTOBFA1718106;Pollen;Hainich;HEG8;"Osmia bicornis";2017-06-03;"Azelaic (Nonanedioic) acid";0
PNUTOBFA1718106;Pollen;Hainich;HEG8;"Osmia bicornis";2017-06-03;"Sebacic (Decanedioic) acid";0
PNUTOBFA1718106;Pollen;Hainich;HEG8;"Osmia bicornis";2017-06-03;"Myristic (Tetradecanoic) acid";13.0541
PNUTOBFA1718106;Pollen;Hainich;HEG8;"Osmia bicornis";2017-06-03;"Methyltetradecanoic acid 1 & 2";1.2847
PNUTOBFA1718106;Pollen;Hainich;HEG8;"Osmia bicornis";2017-06-03;"Hexadecatrienoic acid";0
PNUTOBFA1718106;Pollen;Hainich;HEG8;"Osmia bicornis";2017-06-03;"Pentadecanoic acid";1.9274
PNUTOBFA1718106;Pollen;Hainich;HEG8;"Osmia bicornis";2017-06-03;"Palmitoleic (Hexadecenoic) acid 1&2";14.39
PNUTOBFA1718106;Pollen;Hainich;HEG8;"Osmia bicornis";2017-06-03;"Palmitic (Hexadecanoic) acid";57.254
PNUTOBFA1718106;Pollen;Hainich;HEG8;"Osmia bicornis";2017-06-03;"Methylhexadecanoic acid 1 & 2";0.473
PNUTOBFA1718106;Pollen;Hainich;HEG8;"Osmia bicornis";2017-06-03;"Margaric (Heptadecanoic) acid";12.1744
PNUTOBFA1718106;Pollen;Hainich;HEG8;"Osmia bicornis";2017-06-03;"Docosatetraenoic acid";0
PNUTOBFA1718106;Pollen;Hainich;HEG8;"Osmia bicornis";2017-06-03;"Linoleic (Octadecadienoic) acid";9.4989
PNUTOBFA1718106;Pollen;Hainich;HEG8;"Osmia bicornis";2017-06-03;"Oleic acid & Linolenic acid";6.8446
PNUTOBFA1718106;Pollen;Hainich;HEG8;"Osmia bicornis";2017-06-03;"Stearic (Octadecanoic) acid";50.9912
PNUTOBFA1718106;Pollen;Hainich;HEG8;"Osmia bicornis";2017-06-03;"Octadecatrienoic acid 1";7.8804
PNUTOBFA1718106;Pollen;Hainich;HEG8;"Osmia bicornis";2017-06-03;"Octadecatrienoic acid 4";0
PNUTOBFA1718106;Pollen;Hainich;HEG8;"Osmia bicornis";2017-06-03;"Arachidic (Eicosanoic) acid";8.5554
PNUTOBFA1718106;Pollen;Hainich;HEG8;"Osmia bicornis";2017-06-03;"Behenic (Docosanoic) acid";5.8916
PNUTOBFA1718106;Pollen;Hainich;HEG8;"Osmia bicornis";2017-06-03;"Nervonic (Tetracosenoic) acid";0
PNUTOBFA1718106;Pollen;Hainich;HEG8;"Osmia bicornis";2017-06-03;"Lignoceric (Tetracosanoic) acid 1";7.4291
PNUTOBFA1718106;Pollen;Hainich;HEG8;"Osmia bicornis";2017-06-03;"Methyltetracosanoic acid 2";2.2501
PNUTOBFA1718101;Pollen;Hainich;HEG6;"Osmia bicornis";2017-06-03;"Octadecatrienoic acid 4";0.2287
PNUTOBFA1718101;Pollen;Hainich;HEG6;"Osmia bicornis";2017-06-03;"Arachidic (Eicosanoic) acid";11.3876
PNUTOBFA1718101;Pollen;Hainich;HEG6;"Osmia bicornis";2017-06-03;"Behenic (Docosanoic) acid";5.0596
PNUTOBFA1718101;Pollen;Hainich;HEG6;"Osmia bicornis";2017-06-03;"Nervonic (Tetracosenoic) acid";2.1715
PNUTOBFA1718101;Pollen;Hainich;HEG6;"Osmia bicornis";2017-06-03;"Lignoceric (Tetracosanoic) acid 1";4.0879
PNUTOBFA1718101;Pollen;Hainich;HEG6;"Osmia bicornis";2017-06-03;"Methyltetracosanoic acid 2";1.1173
PNUTOBFA1718101;Pollen;Hainich;HEG6;"Osmia bicornis";2017-06-03;"Cerotic (Hexacosanoic) acid 2";0.8452
PNUTOBFA1718100;Pollen;Alb;AEG9;"Osmia bicornis";2017-06-07;"Nervonic (Tetracosenoic) acid";2.515
PNUTOBFA1718100;Pollen;Alb;AEG9;"Osmia bicornis";2017-06-07;"Lignoceric (Tetracosanoic) acid 1";0
PNUTOBFA1718100;Pollen;Alb;AEG9;"Osmia bicornis";2017-06-07;"Methyltetracosanoic acid 2";6.6952
PNUTOBFA1718100;Pollen;Alb;AEG9;"Osmia bicornis";2017-06-07;"Cerotic (Hexacosanoic) acid 2";1.9144
PNUTOBFA1718100;Pollen;Alb;AEG9;"Osmia bicornis";2017-06-07;"Montanic (Octacosanoic) acid";2.2843
PNUTOBFA1718101;Pollen;Hainich;HEG6;"Osmia bicornis";2017-06-03;"Caprylic (Octanoic) acid";0.329
PNUTOBFA1718101;Pollen;Hainich;HEG6;"Osmia bicornis";2017-06-03;"Glutaric (Pentanedioic) acid";0
PNUTOBFA1718101;Pollen;Hainich;HEG6;"Osmia bicornis";2017-06-03;"Pelargonic (Nonanoic) acid";1.0443
PNUTOBFA1718101;Pollen;Hainich;HEG6;"Osmia bicornis";2017-06-03;"Adipic (Hexanedioic) acid";0
PNUTOBFA1718101;Pollen;Hainich;HEG6;"Osmia bicornis";2017-06-03;"Capric (Decanoic) acid";1.0726
PNUTOBFA1718101;Pollen;Hainich;HEG6;"Osmia bicornis";2017-06-03;"Lauric (Dodecanoic) acid";1.295
PNUTOBFA1718101;Pollen;Hainich;HEG6;"Osmia bicornis";2017-06-03;"Azelaic (Nonanedioic) acid";0.2829
PNUTOBFA1718101;Pollen;Hainich;HEG6;"Osmia bicornis";2017-06-03;"Sebacic (Decanedioic) acid";0
PNUTOBFA1718101;Pollen;Hainich;HEG6;"Osmia bicornis";2017-06-03;"Myristic (Tetradecanoic) acid";6.5201
PNUTOBFA1718101;Pollen;Hainich;HEG6;"Osmia bicornis";2017-06-03;"Methyltetradecanoic acid 1 & 2";0.1067
PNUTOBFA1718101;Pollen;Hainich;HEG6;"Osmia bicornis";2017-06-03;"Hexadecatrienoic acid";0
PNUTOBFA1718101;Pollen;Hainich;HEG6;"Osmia bicornis";2017-06-03;"Pentadecanoic acid";0.499
PNUTOBFA1718101;Pollen;Hainich;HEG6;"Osmia bicornis";2017-06-03;"Palmitoleic (Hexadecenoic) acid 1&2";9.5639
PNUTOBFA1718101;Pollen;Hainich;HEG6;"Osmia bicornis";2017-06-03;"Palmitic (Hexadecanoic) acid";39.9422
PNUTOBFA1718101;Pollen;Hainich;HEG6;"Osmia bicornis";2017-06-03;"Methylhexadecanoic acid 1 & 2";0.9152
PNUTOBFA1718101;Pollen;Hainich;HEG6;"Osmia bicornis";2017-06-03;"Margaric (Heptadecanoic) acid";4.8063
PNUTOBFA1718101;Pollen;Hainich;HEG6;"Osmia bicornis";2017-06-03;"Docosatetraenoic acid";0
PNUTOBFA1718101;Pollen;Hainich;HEG6;"Osmia bicornis";2017-06-03;"Linoleic (Octadecadienoic) acid";33.8922
PNUTOBFA1718101;Pollen;Hainich;HEG6;"Osmia bicornis";2017-06-03;"Oleic acid & Linolenic acid";21.7866
PNUTOBFA1718101;Pollen;Hainich;HEG6;"Osmia bicornis";2017-06-03;"Stearic (Octadecanoic) acid";24.1189
PNUTOBFA1718101;Pollen;Hainich;HEG6;"Osmia bicornis";2017-06-03;"Octadecatrienoic acid 1";0.7198
PNUTOBFA1718100;Pollen;Alb;AEG9;"Osmia bicornis";2017-06-07;"Margaric (Heptadecanoic) acid";1.169
PNUTOBFA1718100;Pollen;Alb;AEG9;"Osmia bicornis";2017-06-07;"Docosatetraenoic acid";0
PNUTOBFA1718100;Pollen;Alb;AEG9;"Osmia bicornis";2017-06-07;"Linoleic (Octadecadienoic) acid";0
PNUTOBFA1718100;Pollen;Alb;AEG9;"Osmia bicornis";2017-06-07;"Oleic acid & Linolenic acid";0
PNUTOBFA1718100;Pollen;Alb;AEG9;"Osmia bicornis";2017-06-07;"Stearic (Octadecanoic) acid";36.5858
PNUTOBFA1718100;Pollen;Alb;AEG9;"Osmia bicornis";2017-06-07;"Octadecatrienoic acid 1";0
PNUTOBFA1718100;Pollen;Alb;AEG9;"Osmia bicornis";2017-06-07;"Octadecatrienoic acid 4";1.1871
PNUTOBFA1718100;Pollen;Alb;AEG9;"Osmia bicornis";2017-06-07;"Arachidic (Eicosanoic) acid";13.5558
PNUTOBFA1718100;Pollen;Alb;AEG9;"Osmia bicornis";2017-06-07;"Behenic (Docosanoic) acid";11.852
PNUTOBFA1718072;Pollen;Schorfheide;SEG4;"Osmia bicornis";2017-07-12;"Octadecatrienoic acid 1";0.9454
PNUTOBFA1718072;Pollen;Schorfheide;SEG4;"Osmia bicornis";2017-07-12;"Octadecatrienoic acid 4";0
PNUTOBFA1718072;Pollen;Schorfheide;SEG4;"Osmia bicornis";2017-07-12;"Arachidic (Eicosanoic) acid";10.6374
PNUTOBFA1718072;Pollen;Schorfheide;SEG4;"Osmia bicornis";2017-07-12;"Behenic (Docosanoic) acid";4.4767
PNUTOBFA1718072;Pollen;Schorfheide;SEG4;"Osmia bicornis";2017-07-12;"Nervonic (Tetracosenoic) acid";0
PNUTOBFA1718072;Pollen;Schorfheide;SEG4;"Osmia bicornis";2017-07-12;"Lignoceric (Tetracosanoic) acid 1";4.9006
PNUTOBFA1718072;Pollen;Schorfheide;SEG4;"Osmia bicornis";2017-07-12;"Methyltetracosanoic acid 2";1.2353
PNUTOBFA1718072;Pollen;Schorfheide;SEG4;"Osmia bicornis";2017-07-12;"Cerotic (Hexacosanoic) acid 2";1.6847
PNUTOBFA1718072;Pollen;Schorfheide;SEG4;"Osmia bicornis";2017-07-12;"Montanic (Octacosanoic) acid";0.6422
PNUTOBFA1718100;Pollen;Alb;AEG9;"Osmia bicornis";2017-06-07;"Caprylic (Octanoic) acid";9.0901
PNUTOBFA1718100;Pollen;Alb;AEG9;"Osmia bicornis";2017-06-07;"Glutaric (Pentanedioic) acid";0
PNUTOBFA1718100;Pollen;Alb;AEG9;"Osmia bicornis";2017-06-07;"Pelargonic (Nonanoic) acid";1.4071
PNUTOBFA1718100;Pollen;Alb;AEG9;"Osmia bicornis";2017-06-07;"Adipic (Hexanedioic) acid";0.3634
PNUTOBFA1718100;Pollen;Alb;AEG9;"Osmia bicornis";2017-06-07;"Capric (Decanoic) acid";1.3841
PNUTOBFA1718100;Pollen;Alb;AEG9;"Osmia bicornis";2017-06-07;"Lauric (Dodecanoic) acid";20.9097
PNUTOBFA1718100;Pollen;Alb;AEG9;"Osmia bicornis";2017-06-07;"Azelaic (Nonanedioic) acid";0.7157
PNUTOBFA1718100;Pollen;Alb;AEG9;"Osmia bicornis";2017-06-07;"Sebacic (Decanedioic) acid";0
PNUTOBFA1718100;Pollen;Alb;AEG9;"Osmia bicornis";2017-06-07;"Myristic (Tetradecanoic) acid";3.9394
PNUTOBFA1718100;Pollen;Alb;AEG9;"Osmia bicornis";2017-06-07;"Methyltetradecanoic acid 1 & 2";0.0936
PNUTOBFA1718100;Pollen;Alb;AEG9;"Osmia bicornis";2017-06-07;"Hexadecatrienoic acid";0
PNUTOBFA1718100;Pollen;Alb;AEG9;"Osmia bicornis";2017-06-07;"Pentadecanoic acid";1.0957
PNUTOBFA1718100;Pollen;Alb;AEG9;"Osmia bicornis";2017-06-07;"Palmitoleic (Hexadecenoic) acid 1&2";0
PNUTOBFA1718100;Pollen;Alb;AEG9;"Osmia bicornis";2017-06-07;"Palmitic (Hexadecanoic) acid";51.349
PNUTOBFA1718100;Pollen;Alb;AEG9;"Osmia bicornis";2017-06-07;"Methylhexadecanoic acid 1 & 2";0
PNUTOBFA1718072;Pollen;Schorfheide;SEG4;"Osmia bicornis";2017-07-12;"Methyltetradecanoic acid 1 & 2";0
PNUTOBFA1718072;Pollen;Schorfheide;SEG4;"Osmia bicornis";2017-07-12;"Hexadecatrienoic acid";0
PNUTOBFA1718072;Pollen;Schorfheide;SEG4;"Osmia bicornis";2017-07-12;"Pentadecanoic acid";0.2848
PNUTOBFA1718072;Pollen;Schorfheide;SEG4;"Osmia bicornis";2017-07-12;"Palmitoleic (Hexadecenoic) acid 1&2";9.6269
PNUTOBFA1718072;Pollen;Schorfheide;SEG4;"Osmia bicornis";2017-07-12;"Palmitic (Hexadecanoic) acid";34.88
PNUTOBFA1718072;Pollen;Schorfheide;SEG4;"Osmia bicornis";2017-07-12;"Methylhexadecanoic acid 1 & 2";0.0929
PNUTOBFA1718072;Pollen;Schorfheide;SEG4;"Osmia bicornis";2017-07-12;"Margaric (Heptadecanoic) acid";8.6644
PNUTOBFA1718072;Pollen;Schorfheide;SEG4;"Osmia bicornis";2017-07-12;"Docosatetraenoic acid";0
PNUTOBFA1718072;Pollen;Schorfheide;SEG4;"Osmia bicornis";2017-07-12;"Linoleic (Octadecadienoic) acid";57.1352
PNUTOBFA1718072;Pollen;Schorfheide;SEG4;"Osmia bicornis";2017-07-12;"Oleic acid & Linolenic acid";19.8
PNUTOBFA1718072;Pollen;Schorfheide;SEG4;"Osmia bicornis";2017-07-12;"Stearic (Octadecanoic) acid";15.392
PNUTOBFA1718070;Pollen;Alb;AEG2;"Osmia bicornis";2017-06-09;"Docosatetraenoic acid";0
PNUTOBFA1718070;Pollen;Alb;AEG2;"Osmia bicornis";2017-06-09;"Linoleic (Octadecadienoic) acid";0
PNUTOBFA1718070;Pollen;Alb;AEG2;"Osmia bicornis";2017-06-09;"Oleic acid & Linolenic acid";0
PNUTOBFA1718070;Pollen;Alb;AEG2;"Osmia bicornis";2017-06-09;"Stearic (Octadecanoic) acid";17.7436
PNUTOBFA1718070;Pollen;Alb;AEG2;"Osmia bicornis";2017-06-09;"Octadecatrienoic acid 1";0
PNUTOBFA1718070;Pollen;Alb;AEG2;"Osmia bicornis";2017-06-09;"Octadecatrienoic acid 4";0
PNUTOBFA1718070;Pollen;Alb;AEG2;"Osmia bicornis";2017-06-09;"Arachidic (Eicosanoic) acid";6.5539
PNUTOBFA1718070;Pollen;Alb;AEG2;"Osmia bicornis";2017-06-09;"Behenic (Docosanoic) acid";4.7119
PNUTOBFA1718070;Pollen;Alb;AEG2;"Osmia bicornis";2017-06-09;"Nervonic (Tetracosenoic) acid";0
PNUTOBFA1718070;Pollen;Alb;AEG2;"Osmia bicornis";2017-06-09;"Lignoceric (Tetracosanoic) acid 1";0
PNUTOBFA1718070;Pollen;Alb;AEG2;"Osmia bicornis";2017-06-09;"Methyltetracosanoic acid 2";2.3641
PNUTOBFA1718070;Pollen;Alb;AEG2;"Osmia bicornis";2017-06-09;"Cerotic (Hexacosanoic) acid 2";0.6217
PNUTOBFA1718070;Pollen;Alb;AEG2;"Osmia bicornis";2017-06-09;"Montanic (Octacosanoic) acid";1.36
PNUTOBFA1718072;Pollen;Schorfheide;SEG4;"Osmia bicornis";2017-07-12;"Caprylic (Octanoic) acid";0
PNUTOBFA1718072;Pollen;Schorfheide;SEG4;"Osmia bicornis";2017-07-12;"Glutaric (Pentanedioic) acid";0
PNUTOBFA1718072;Pollen;Schorfheide;SEG4;"Osmia bicornis";2017-07-12;"Pelargonic (Nonanoic) acid";0.8849
PNUTOBFA1718072;Pollen;Schorfheide;SEG4;"Osmia bicornis";2017-07-12;"Adipic (Hexanedioic) acid";0
PNUTOBFA1718072;Pollen;Schorfheide;SEG4;"Osmia bicornis";2017-07-12;"Capric (Decanoic) acid";0.5268
PNUTOBFA1718072;Pollen;Schorfheide;SEG4;"Osmia bicornis";2017-07-12;"Lauric (Dodecanoic) acid";1.6512
PNUTOBFA1718072;Pollen;Schorfheide;SEG4;"Osmia bicornis";2017-07-12;"Azelaic (Nonanedioic) acid";0
PNUTOBFA1718072;Pollen;Schorfheide;SEG4;"Osmia bicornis";2017-07-12;"Sebacic (Decanedioic) acid";0
PNUTOBFA1718072;Pollen;Schorfheide;SEG4;"Osmia bicornis";2017-07-12;"Myristic (Tetradecanoic) acid";8.5838
PNUTOBFA1718070;Pollen;Alb;AEG2;"Osmia bicornis";2017-06-09;"Adipic (Hexanedioic) acid";0.083
PNUTOBFA1718070;Pollen;Alb;AEG2;"Osmia bicornis";2017-06-09;"Capric (Decanoic) acid";2.3586
PNUTOBFA1718070;Pollen;Alb;AEG2;"Osmia bicornis";2017-06-09;"Lauric (Dodecanoic) acid";6.3959
PNUTOBFA1718070;Pollen;Alb;AEG2;"Osmia bicornis";2017-06-09;"Azelaic (Nonanedioic) acid";0.1715
PNUTOBFA1718070;Pollen;Alb;AEG2;"Osmia bicornis";2017-06-09;"Sebacic (Decanedioic) acid";0
PNUTOBFA1718070;Pollen;Alb;AEG2;"Osmia bicornis";2017-06-09;"Myristic (Tetradecanoic) acid";5.5637
PNUTOBFA1718070;Pollen;Alb;AEG2;"Osmia bicornis";2017-06-09;"Methyltetradecanoic acid 1 & 2";0
PNUTOBFA1718070;Pollen;Alb;AEG2;"Osmia bicornis";2017-06-09;"Hexadecatrienoic acid";0
PNUTOBFA1718070;Pollen;Alb;AEG2;"Osmia bicornis";2017-06-09;"Pentadecanoic acid";0.2746
PNUTOBFA1718070;Pollen;Alb;AEG2;"Osmia bicornis";2017-06-09;"Palmitoleic (Hexadecenoic) acid 1&2";0.2368
PNUTOBFA1718070;Pollen;Alb;AEG2;"Osmia bicornis";2017-06-09;"Palmitic (Hexadecanoic) acid";14.7929
PNUTOBFA1718070;Pollen;Alb;AEG2;"Osmia bicornis";2017-06-09;"Methylhexadecanoic acid 1 & 2";0.0301
PNUTOBFA1718070;Pollen;Alb;AEG2;"Osmia bicornis";2017-06-09;"Margaric (Heptadecanoic) acid";0.8773
PNUTOBFA1718064;Pollen;Hainich;HEG9;"Osmia bicornis";2017-06-03;"Palmitoleic (Hexadecenoic) acid 1&2";10.8543
PNUTOBFA1718064;Pollen;Hainich;HEG9;"Osmia bicornis";2017-06-03;"Palmitic (Hexadecanoic) acid";45.0483
PNUTOBFA1718064;Pollen;Hainich;HEG9;"Osmia bicornis";2017-06-03;"Methylhexadecanoic acid 1 & 2";0.556
PNUTOBFA1718064;Pollen;Hainich;HEG9;"Osmia bicornis";2017-06-03;"Margaric (Heptadecanoic) acid";3.2251
PNUTOBFA1718064;Pollen;Hainich;HEG9;"Osmia bicornis";2017-06-03;"Docosatetraenoic acid";0
PNUTOBFA1718064;Pollen;Hainich;HEG9;"Osmia bicornis";2017-06-03;"Linoleic (Octadecadienoic) acid";56.9787
PNUTOBFA1718064;Pollen;Hainich;HEG9;"Osmia bicornis";2017-06-03;"Oleic acid & Linolenic acid";6.7898
PNUTOBFA1718064;Pollen;Hainich;HEG9;"Osmia bicornis";2017-06-03;"Stearic (Octadecanoic) acid";16.1039
PNUTOBFA1718064;Pollen;Hainich;HEG9;"Osmia bicornis";2017-06-03;"Octadecatrienoic acid 1";0.3201
PNUTOBFA1718064;Pollen;Hainich;HEG9;"Osmia bicornis";2017-06-03;"Octadecatrienoic acid 4";0.1035
PNUTOBFA1718064;Pollen;Hainich;HEG9;"Osmia bicornis";2017-06-03;"Arachidic (Eicosanoic) acid";7.4455
PNUTOBFA1718064;Pollen;Hainich;HEG9;"Osmia bicornis";2017-06-03;"Behenic (Docosanoic) acid";4.1516
PNUTOBFA1718064;Pollen;Hainich;HEG9;"Osmia bicornis";2017-06-03;"Nervonic (Tetracosenoic) acid";0
PNUTOBFA1718064;Pollen;Hainich;HEG9;"Osmia bicornis";2017-06-03;"Lignoceric (Tetracosanoic) acid 1";3.596
PNUTOBFA1718064;Pollen;Hainich;HEG9;"Osmia bicornis";2017-06-03;"Methyltetracosanoic acid 2";1.8691
PNUTOBFA1718064;Pollen;Hainich;HEG9;"Osmia bicornis";2017-06-03;"Cerotic (Hexacosanoic) acid 2";2.0977
PNUTOBFA1718064;Pollen;Hainich;HEG9;"Osmia bicornis";2017-06-03;"Montanic (Octacosanoic) acid";0
PNUTOBFA1718070;Pollen;Alb;AEG2;"Osmia bicornis";2017-06-09;"Caprylic (Octanoic) acid";0
PNUTOBFA1718070;Pollen;Alb;AEG2;"Osmia bicornis";2017-06-09;"Glutaric (Pentanedioic) acid";0
PNUTOBFA1718070;Pollen;Alb;AEG2;"Osmia bicornis";2017-06-09;"Pelargonic (Nonanoic) acid";0.3126
PNUTOBFA1718055;Pollen;Hainich;HEG7;"Osmia bicornis";2017-06-03;"Methyltetracosanoic acid 2";0.274
PNUTOBFA1718055;Pollen;Hainich;HEG7;"Osmia bicornis";2017-06-03;"Cerotic (Hexacosanoic) acid 2";0.4908
PNUTOBFA1718055;Pollen;Hainich;HEG7;"Osmia bicornis";2017-06-03;"Montanic (Octacosanoic) acid";0
PNUTOBFA1718064;Pollen;Hainich;HEG9;"Osmia bicornis";2017-06-03;"Caprylic (Octanoic) acid";0
PNUTOBFA1718064;Pollen;Hainich;HEG9;"Osmia bicornis";2017-06-03;"Glutaric (Pentanedioic) acid";0
PNUTOBFA1718064;Pollen;Hainich;HEG9;"Osmia bicornis";2017-06-03;"Pelargonic (Nonanoic) acid";0.93
PNUTOBFA1718064;Pollen;Hainich;HEG9;"Osmia bicornis";2017-06-03;"Adipic (Hexanedioic) acid";0
PNUTOBFA1718064;Pollen;Hainich;HEG9;"Osmia bicornis";2017-06-03;"Capric (Decanoic) acid";0.2352
PNUTOBFA1718064;Pollen;Hainich;HEG9;"Osmia bicornis";2017-06-03;"Lauric (Dodecanoic) acid";1.3109
PNUTOBFA1718064;Pollen;Hainich;HEG9;"Osmia bicornis";2017-06-03;"Azelaic (Nonanedioic) acid";0
PNUTOBFA1718064;Pollen;Hainich;HEG9;"Osmia bicornis";2017-06-03;"Sebacic (Decanedioic) acid";0
PNUTOBFA1718064;Pollen;Hainich;HEG9;"Osmia bicornis";2017-06-03;"Myristic (Tetradecanoic) acid";5.727
PNUTOBFA1718064;Pollen;Hainich;HEG9;"Osmia bicornis";2017-06-03;"Methyltetradecanoic acid 1 & 2";0.0786
PNUTOBFA1718064;Pollen;Hainich;HEG9;"Osmia bicornis";2017-06-03;"Hexadecatrienoic acid";0
PNUTOBFA1718064;Pollen;Hainich;HEG9;"Osmia bicornis";2017-06-03;"Pentadecanoic acid";0.0326
PNUTOBFA1718055;Pollen;Hainich;HEG7;"Osmia bicornis";2017-06-03;"Myristic (Tetradecanoic) acid";5.2997
PNUTOBFA1718055;Pollen;Hainich;HEG7;"Osmia bicornis";2017-06-03;"Methyltetradecanoic acid 1 & 2";0.7241
PNUTOBFA1718055;Pollen;Hainich;HEG7;"Osmia bicornis";2017-06-03;"Hexadecatrienoic acid";0
PNUTOBFA1718055;Pollen;Hainich;HEG7;"Osmia bicornis";2017-06-03;"Pentadecanoic acid";0.939
PNUTOBFA1718055;Pollen;Hainich;HEG7;"Osmia bicornis";2017-06-03;"Palmitoleic (Hexadecenoic) acid 1&2";11.0132
PNUTOBFA1718055;Pollen;Hainich;HEG7;"Osmia bicornis";2017-06-03;"Palmitic (Hexadecanoic) acid";32.056
PNUTOBFA1718055;Pollen;Hainich;HEG7;"Osmia bicornis";2017-06-03;"Methylhexadecanoic acid 1 & 2";2.1426
PNUTOBFA1718055;Pollen;Hainich;HEG7;"Osmia bicornis";2017-06-03;"Margaric (Heptadecanoic) acid";1.3244
PNUTOBFA1718055;Pollen;Hainich;HEG7;"Osmia bicornis";2017-06-03;"Docosatetraenoic acid";0
PNUTOBFA1718055;Pollen;Hainich;HEG7;"Osmia bicornis";2017-06-03;"Linoleic (Octadecadienoic) acid";9.8413
PNUTOBFA1718055;Pollen;Hainich;HEG7;"Osmia bicornis";2017-06-03;"Oleic acid & Linolenic acid";7.7617
PNUTOBFA1718055;Pollen;Hainich;HEG7;"Osmia bicornis";2017-06-03;"Stearic (Octadecanoic) acid";24.5276
PNUTOBFA1718055;Pollen;Hainich;HEG7;"Osmia bicornis";2017-06-03;"Octadecatrienoic acid 1";2.3433
PNUTOBFA1718055;Pollen;Hainich;HEG7;"Osmia bicornis";2017-06-03;"Octadecatrienoic acid 4";0
PNUTOBFA1718055;Pollen;Hainich;HEG7;"Osmia bicornis";2017-06-03;"Arachidic (Eicosanoic) acid";5.0742
PNUTOBFA1718055;Pollen;Hainich;HEG7;"Osmia bicornis";2017-06-03;"Behenic (Docosanoic) acid";3.0469
PNUTOBFA1718055;Pollen;Hainich;HEG7;"Osmia bicornis";2017-06-03;"Nervonic (Tetracosenoic) acid";0
PNUTOBFA1718055;Pollen;Hainich;HEG7;"Osmia bicornis";2017-06-03;"Lignoceric (Tetracosanoic) acid 1";2.5472
PNUTOBFA1718042;Pollen;Hainich;HEG5;"Osmia bicornis";2017-07-31;"Octadecatrienoic acid 1";1.7865
PNUTOBFA1718042;Pollen;Hainich;HEG5;"Osmia bicornis";2017-07-31;"Octadecatrienoic acid 4";0.4961
PNUTOBFA1718042;Pollen;Hainich;HEG5;"Osmia bicornis";2017-07-31;"Arachidic (Eicosanoic) acid";4.7638
PNUTOBFA1718042;Pollen;Hainich;HEG5;"Osmia bicornis";2017-07-31;"Behenic (Docosanoic) acid";3.7804
PNUTOBFA1718042;Pollen;Hainich;HEG5;"Osmia bicornis";2017-07-31;"Nervonic (Tetracosenoic) acid";0
PNUTOBFA1718042;Pollen;Hainich;HEG5;"Osmia bicornis";2017-07-31;"Lignoceric (Tetracosanoic) acid 1";3.8529
PNUTOBFA1718042;Pollen;Hainich;HEG5;"Osmia bicornis";2017-07-31;"Methyltetracosanoic acid 2";0.3399
PNUTOBFA1718042;Pollen;Hainich;HEG5;"Osmia bicornis";2017-07-31;"Cerotic (Hexacosanoic) acid 2";0.3098
PNUTOBFA1718042;Pollen;Hainich;HEG5;"Osmia bicornis";2017-07-31;"Montanic (Octacosanoic) acid";0
PNUTOBFA1718055;Pollen;Hainich;HEG7;"Osmia bicornis";2017-06-03;"Caprylic (Octanoic) acid";0
PNUTOBFA1718055;Pollen;Hainich;HEG7;"Osmia bicornis";2017-06-03;"Glutaric (Pentanedioic) acid";0
PNUTOBFA1718055;Pollen;Hainich;HEG7;"Osmia bicornis";2017-06-03;"Pelargonic (Nonanoic) acid";0
PNUTOBFA1718055;Pollen;Hainich;HEG7;"Osmia bicornis";2017-06-03;"Adipic (Hexanedioic) acid";0
PNUTOBFA1718055;Pollen;Hainich;HEG7;"Osmia bicornis";2017-06-03;"Capric (Decanoic) acid";0.0329
PNUTOBFA1718055;Pollen;Hainich;HEG7;"Osmia bicornis";2017-06-03;"Lauric (Dodecanoic) acid";2.4524
PNUTOBFA1718055;Pollen;Hainich;HEG7;"Osmia bicornis";2017-06-03;"Azelaic (Nonanedioic) acid";0
PNUTOBFA1718055;Pollen;Hainich;HEG7;"Osmia bicornis";2017-06-03;"Sebacic (Decanedioic) acid";0
PNUTOBFA1718042;Pollen;Hainich;HEG5;"Osmia bicornis";2017-07-31;"Capric (Decanoic) acid";0.7307
PNUTOBFA1718042;Pollen;Hainich;HEG5;"Osmia bicornis";2017-07-31;"Lauric (Dodecanoic) acid";1.9181
PNUTOBFA1718042;Pollen;Hainich;HEG5;"Osmia bicornis";2017-07-31;"Azelaic (Nonanedioic) acid";0.2125
PNUTOBFA1718042;Pollen;Hainich;HEG5;"Osmia bicornis";2017-07-31;"Sebacic (Decanedioic) acid";0
PNUTOBFA1718042;Pollen;Hainich;HEG5;"Osmia bicornis";2017-07-31;"Myristic (Tetradecanoic) acid";6.6099
PNUTOBFA1718042;Pollen;Hainich;HEG5;"Osmia bicornis";2017-07-31;"Methyltetradecanoic acid 1 & 2";0
PNUTOBFA1718042;Pollen;Hainich;HEG5;"Osmia bicornis";2017-07-31;"Hexadecatrienoic acid";0
PNUTOBFA1718042;Pollen;Hainich;HEG5;"Osmia bicornis";2017-07-31;"Pentadecanoic acid";1.5009
PNUTOBFA1718042;Pollen;Hainich;HEG5;"Osmia bicornis";2017-07-31;"Palmitoleic (Hexadecenoic) acid 1&2";4.7583
PNUTOBFA1718042;Pollen;Hainich;HEG5;"Osmia bicornis";2017-07-31;"Palmitic (Hexadecanoic) acid";51.0441
PNUTOBFA1718042;Pollen;Hainich;HEG5;"Osmia bicornis";2017-07-31;"Methylhexadecanoic acid 1 & 2";0.5602
PNUTOBFA1718042;Pollen;Hainich;HEG5;"Osmia bicornis";2017-07-31;"Margaric (Heptadecanoic) acid";1.882
PNUTOBFA1718042;Pollen;Hainich;HEG5;"Osmia bicornis";2017-07-31;"Docosatetraenoic acid";0
PNUTOBFA1718042;Pollen;Hainich;HEG5;"Osmia bicornis";2017-07-31;"Linoleic (Octadecadienoic) acid";15.1299
PNUTOBFA1718042;Pollen;Hainich;HEG5;"Osmia bicornis";2017-07-31;"Oleic acid & Linolenic acid";31.828
PNUTOBFA1718042;Pollen;Hainich;HEG5;"Osmia bicornis";2017-07-31;"Stearic (Octadecanoic) acid";24.2222
PNUTOBFA1718041;Pollen;Hainich;HEG5;"Osmia bicornis";2017-06-02;"Methylhexadecanoic acid 1 & 2";0.5153
PNUTOBFA1718041;Pollen;Hainich;HEG5;"Osmia bicornis";2017-06-02;"Margaric (Heptadecanoic) acid";4.0496
PNUTOBFA1718041;Pollen;Hainich;HEG5;"Osmia bicornis";2017-06-02;"Docosatetraenoic acid";0
PNUTOBFA1718041;Pollen;Hainich;HEG5;"Osmia bicornis";2017-06-02;"Linoleic (Octadecadienoic) acid";33.78
PNUTOBFA1718041;Pollen;Hainich;HEG5;"Osmia bicornis";2017-06-02;"Oleic acid & Linolenic acid";10.9435
PNUTOBFA1718041;Pollen;Hainich;HEG5;"Osmia bicornis";2017-06-02;"Stearic (Octadecanoic) acid";25.0762
PNUTOBFA1718041;Pollen;Hainich;HEG5;"Osmia bicornis";2017-06-02;"Octadecatrienoic acid 1";0
PNUTOBFA1718041;Pollen;Hainich;HEG5;"Osmia bicornis";2017-06-02;"Octadecatrienoic acid 4";0
PNUTOBFA1718041;Pollen;Hainich;HEG5;"Osmia bicornis";2017-06-02;"Arachidic (Eicosanoic) acid";5.3846
PNUTOBFA1718041;Pollen;Hainich;HEG5;"Osmia bicornis";2017-06-02;"Behenic (Docosanoic) acid";6.6534
PNUTOBFA1718041;Pollen;Hainich;HEG5;"Osmia bicornis";2017-06-02;"Nervonic (Tetracosenoic) acid";1.6009
PNUTOBFA1718041;Pollen;Hainich;HEG5;"Osmia bicornis";2017-06-02;"Lignoceric (Tetracosanoic) acid 1";4.5634
PNUTOBFA1718041;Pollen;Hainich;HEG5;"Osmia bicornis";2017-06-02;"Methyltetracosanoic acid 2";1.3746
PNUTOBFA1718041;Pollen;Hainich;HEG5;"Osmia bicornis";2017-06-02;"Cerotic (Hexacosanoic) acid 2";0
PNUTOBFA1718041;Pollen;Hainich;HEG5;"Osmia bicornis";2017-06-02;"Montanic (Octacosanoic) acid";0
PNUTOBFA1718042;Pollen;Hainich;HEG5;"Osmia bicornis";2017-07-31;"Caprylic (Octanoic) acid";0.1378
PNUTOBFA1718042;Pollen;Hainich;HEG5;"Osmia bicornis";2017-07-31;"Glutaric (Pentanedioic) acid";0
PNUTOBFA1718042;Pollen;Hainich;HEG5;"Osmia bicornis";2017-07-31;"Pelargonic (Nonanoic) acid";0.2755
PNUTOBFA1718042;Pollen;Hainich;HEG5;"Osmia bicornis";2017-07-31;"Adipic (Hexanedioic) acid";0
PNUTOBFA1718041;Pollen;Hainich;HEG5;"Osmia bicornis";2017-06-02;"Caprylic (Octanoic) acid";0
PNUTOBFA1718041;Pollen;Hainich;HEG5;"Osmia bicornis";2017-06-02;"Glutaric (Pentanedioic) acid";0
PNUTOBFA1718041;Pollen;Hainich;HEG5;"Osmia bicornis";2017-06-02;"Pelargonic (Nonanoic) acid";0
PNUTOBFA1718041;Pollen;Hainich;HEG5;"Osmia bicornis";2017-06-02;"Adipic (Hexanedioic) acid";0
PNUTOBFA1718041;Pollen;Hainich;HEG5;"Osmia bicornis";2017-06-02;"Capric (Decanoic) acid";0.4083
PNUTOBFA1718041;Pollen;Hainich;HEG5;"Osmia bicornis";2017-06-02;"Lauric (Dodecanoic) acid";1.7176
PNUTOBFA1718041;Pollen;Hainich;HEG5;"Osmia bicornis";2017-06-02;"Azelaic (Nonanedioic) acid";0
PNUTOBFA1718041;Pollen;Hainich;HEG5;"Osmia bicornis";2017-06-02;"Sebacic (Decanedioic) acid";0
PNUTOBFA1718041;Pollen;Hainich;HEG5;"Osmia bicornis";2017-06-02;"Myristic (Tetradecanoic) acid";5.6662
PNUTOBFA1718041;Pollen;Hainich;HEG5;"Osmia bicornis";2017-06-02;"Methyltetradecanoic acid 1 & 2";0
PNUTOBFA1718041;Pollen;Hainich;HEG5;"Osmia bicornis";2017-06-02;"Hexadecatrienoic acid";0
PNUTOBFA1718041;Pollen;Hainich;HEG5;"Osmia bicornis";2017-06-02;"Pentadecanoic acid";0.238
PNUTOBFA1718041;Pollen;Hainich;HEG5;"Osmia bicornis";2017-06-02;"Palmitoleic (Hexadecenoic) acid 1&2";3.4308
PNUTOBFA1718041;Pollen;Hainich;HEG5;"Osmia bicornis";2017-06-02;"Palmitic (Hexadecanoic) acid";38.0895
PNUTOBFA1718038;Pollen;Schorfheide;SEG5;"Osmia bicornis";2018-06-13;"Myristic (Tetradecanoic) acid";13.8669
PNUTOBFA1718038;Pollen;Schorfheide;SEG5;"Osmia bicornis";2018-06-13;"Methyltetradecanoic acid 1 & 2";0
PNUTOBFA1718038;Pollen;Schorfheide;SEG5;"Osmia bicornis";2018-06-13;"Hexadecatrienoic acid";0
PNUTOBFA1718038;Pollen;Schorfheide;SEG5;"Osmia bicornis";2018-06-13;"Pentadecanoic acid";3.1544
PNUTOBFA1718038;Pollen;Schorfheide;SEG5;"Osmia bicornis";2018-06-13;"Palmitoleic (Hexadecenoic) acid 1&2";15.6084
PNUTOBFA1718038;Pollen;Schorfheide;SEG5;"Osmia bicornis";2018-06-13;"Palmitic (Hexadecanoic) acid";130.3038
PNUTOBFA1718038;Pollen;Schorfheide;SEG5;"Osmia bicornis";2018-06-13;"Methylhexadecanoic acid 1 & 2";1.2766
PNUTOBFA1718038;Pollen;Schorfheide;SEG5;"Osmia bicornis";2018-06-13;"Margaric (Heptadecanoic) acid";11.2874
PNUTOBFA1718038;Pollen;Schorfheide;SEG5;"Osmia bicornis";2018-06-13;"Docosatetraenoic acid";15.4222
PNUTOBFA1718038;Pollen;Schorfheide;SEG5;"Osmia bicornis";2018-06-13;"Linoleic (Octadecadienoic) acid";32.7557
PNUTOBFA1718038;Pollen;Schorfheide;SEG5;"Osmia bicornis";2018-06-13;"Oleic acid & Linolenic acid";24.0591
PNUTOBFA1718038;Pollen;Schorfheide;SEG5;"Osmia bicornis";2018-06-13;"Stearic (Octadecanoic) acid";74.3515
PNUTOBFA1718038;Pollen;Schorfheide;SEG5;"Osmia bicornis";2018-06-13;"Octadecatrienoic acid 1";0
PNUTOBFA1718038;Pollen;Schorfheide;SEG5;"Osmia bicornis";2018-06-13;"Octadecatrienoic acid 4";0
PNUTOBFA1718038;Pollen;Schorfheide;SEG5;"Osmia bicornis";2018-06-13;"Arachidic (Eicosanoic) acid";26.3855
PNUTOBFA1718038;Pollen;Schorfheide;SEG5;"Osmia bicornis";2018-06-13;"Behenic (Docosanoic) acid";12.1921
PNUTOBFA1718038;Pollen;Schorfheide;SEG5;"Osmia bicornis";2018-06-13;"Nervonic (Tetracosenoic) acid";0
PNUTOBFA1718038;Pollen;Schorfheide;SEG5;"Osmia bicornis";2018-06-13;"Lignoceric (Tetracosanoic) acid 1";7.7973
PNUTOBFA1718038;Pollen;Schorfheide;SEG5;"Osmia bicornis";2018-06-13;"Methyltetracosanoic acid 2";4.0693
PNUTOBFA1718038;Pollen;Schorfheide;SEG5;"Osmia bicornis";2018-06-13;"Cerotic (Hexacosanoic) acid 2";3.8859
PNUTOBFA1718038;Pollen;Schorfheide;SEG5;"Osmia bicornis";2018-06-13;"Montanic (Octacosanoic) acid";0
PNUTOBFA1718037;Pollen;Schorfheide;SEG5;"Osmia bicornis";2017-05-30;"Lignoceric (Tetracosanoic) acid 1";0
PNUTOBFA1718037;Pollen;Schorfheide;SEG5;"Osmia bicornis";2017-05-30;"Methyltetracosanoic acid 2";4.6255
PNUTOBFA1718037;Pollen;Schorfheide;SEG5;"Osmia bicornis";2017-05-30;"Cerotic (Hexacosanoic) acid 2";1.5614
PNUTOBFA1718037;Pollen;Schorfheide;SEG5;"Osmia bicornis";2017-05-30;"Montanic (Octacosanoic) acid";1.5238
PNUTOBFA1718038;Pollen;Schorfheide;SEG5;"Osmia bicornis";2018-06-13;"Caprylic (Octanoic) acid";0
PNUTOBFA1718038;Pollen;Schorfheide;SEG5;"Osmia bicornis";2018-06-13;"Glutaric (Pentanedioic) acid";0
PNUTOBFA1718038;Pollen;Schorfheide;SEG5;"Osmia bicornis";2018-06-13;"Pelargonic (Nonanoic) acid";0
PNUTOBFA1718038;Pollen;Schorfheide;SEG5;"Osmia bicornis";2018-06-13;"Adipic (Hexanedioic) acid";0
PNUTOBFA1718038;Pollen;Schorfheide;SEG5;"Osmia bicornis";2018-06-13;"Capric (Decanoic) acid";0.0536
PNUTOBFA1718038;Pollen;Schorfheide;SEG5;"Osmia bicornis";2018-06-13;"Lauric (Dodecanoic) acid";3.1036
PNUTOBFA1718038;Pollen;Schorfheide;SEG5;"Osmia bicornis";2018-06-13;"Azelaic (Nonanedioic) acid";0.1824
PNUTOBFA1718038;Pollen;Schorfheide;SEG5;"Osmia bicornis";2018-06-13;"Sebacic (Decanedioic) acid";0
PNUTOBFA1718037;Pollen;Schorfheide;SEG5;"Osmia bicornis";2017-05-30;"Pelargonic (Nonanoic) acid";1.8246
PNUTOBFA1718037;Pollen;Schorfheide;SEG5;"Osmia bicornis";2017-05-30;"Adipic (Hexanedioic) acid";0.4874
PNUTOBFA1718037;Pollen;Schorfheide;SEG5;"Osmia bicornis";2017-05-30;"Capric (Decanoic) acid";1.5211
PNUTOBFA1718037;Pollen;Schorfheide;SEG5;"Osmia bicornis";2017-05-30;"Lauric (Dodecanoic) acid";22.6792
PNUTOBFA1718037;Pollen;Schorfheide;SEG5;"Osmia bicornis";2017-05-30;"Azelaic (Nonanedioic) acid";0.6915
PNUTOBFA1718037;Pollen;Schorfheide;SEG5;"Osmia bicornis";2017-05-30;"Sebacic (Decanedioic) acid";2.7213
PNUTOBFA1718037;Pollen;Schorfheide;SEG5;"Osmia bicornis";2017-05-30;"Myristic (Tetradecanoic) acid";3.8258
PNUTOBFA1718037;Pollen;Schorfheide;SEG5;"Osmia bicornis";2017-05-30;"Methyltetradecanoic acid 1 & 2";0
PNUTOBFA1718037;Pollen;Schorfheide;SEG5;"Osmia bicornis";2017-05-30;"Hexadecatrienoic acid";0
PNUTOBFA1718037;Pollen;Schorfheide;SEG5;"Osmia bicornis";2017-05-30;"Pentadecanoic acid";0.9075
PNUTOBFA1718037;Pollen;Schorfheide;SEG5;"Osmia bicornis";2017-05-30;"Palmitoleic (Hexadecenoic) acid 1&2";0
PNUTOBFA1718037;Pollen;Schorfheide;SEG5;"Osmia bicornis";2017-05-30;"Palmitic (Hexadecanoic) acid";60.7673
PNUTOBFA1718037;Pollen;Schorfheide;SEG5;"Osmia bicornis";2017-05-30;"Methylhexadecanoic acid 1 & 2";0.2628
PNUTOBFA1718037;Pollen;Schorfheide;SEG5;"Osmia bicornis";2017-05-30;"Margaric (Heptadecanoic) acid";1.0674
PNUTOBFA1718037;Pollen;Schorfheide;SEG5;"Osmia bicornis";2017-05-30;"Docosatetraenoic acid";0
PNUTOBFA1718037;Pollen;Schorfheide;SEG5;"Osmia bicornis";2017-05-30;"Linoleic (Octadecadienoic) acid";36.0845
PNUTOBFA1718037;Pollen;Schorfheide;SEG5;"Osmia bicornis";2017-05-30;"Oleic acid & Linolenic acid";0
PNUTOBFA1718037;Pollen;Schorfheide;SEG5;"Osmia bicornis";2017-05-30;"Stearic (Octadecanoic) acid";41.9359
PNUTOBFA1718037;Pollen;Schorfheide;SEG5;"Osmia bicornis";2017-05-30;"Octadecatrienoic acid 1";28.6277
PNUTOBFA1718037;Pollen;Schorfheide;SEG5;"Osmia bicornis";2017-05-30;"Octadecatrienoic acid 4";4.0147
PNUTOBFA1718037;Pollen;Schorfheide;SEG5;"Osmia bicornis";2017-05-30;"Arachidic (Eicosanoic) acid";12.5862
PNUTOBFA1718037;Pollen;Schorfheide;SEG5;"Osmia bicornis";2017-05-30;"Behenic (Docosanoic) acid";8.4389
PNUTOBFA1718037;Pollen;Schorfheide;SEG5;"Osmia bicornis";2017-05-30;"Nervonic (Tetracosenoic) acid";1.3144
PNUTOBFA1718035;Pollen;Schorfheide;SEG4;"Osmia bicornis";2018-07-14;"Octadecatrienoic acid 4";2.3636
PNUTOBFA1718035;Pollen;Schorfheide;SEG4;"Osmia bicornis";2018-07-14;"Arachidic (Eicosanoic) acid";6.3732
PNUTOBFA1718035;Pollen;Schorfheide;SEG4;"Osmia bicornis";2018-07-14;"Behenic (Docosanoic) acid";3.8271
PNUTOBFA1718035;Pollen;Schorfheide;SEG4;"Osmia bicornis";2018-07-14;"Nervonic (Tetracosenoic) acid";0
PNUTOBFA1718035;Pollen;Schorfheide;SEG4;"Osmia bicornis";2018-07-14;"Lignoceric (Tetracosanoic) acid 1";0
PNUTOBFA1718035;Pollen;Schorfheide;SEG4;"Osmia bicornis";2018-07-14;"Methyltetracosanoic acid 2";3.4022
PNUTOBFA1718035;Pollen;Schorfheide;SEG4;"Osmia bicornis";2018-07-14;"Cerotic (Hexacosanoic) acid 2";0
PNUTOBFA1718035;Pollen;Schorfheide;SEG4;"Osmia bicornis";2018-07-14;"Montanic (Octacosanoic) acid";0
PNUTOBFA1718037;Pollen;Schorfheide;SEG5;"Osmia bicornis";2017-05-30;"Caprylic (Octanoic) acid";9.0077
PNUTOBFA1718037;Pollen;Schorfheide;SEG5;"Osmia bicornis";2017-05-30;"Glutaric (Pentanedioic) acid";0
PNUTOBFA1718034;Pollen;Schorfheide;SEG6;"Osmia bicornis";2017-05-30;"Lignoceric (Tetracosanoic) acid 1";0
PNUTOBFA1718034;Pollen;Schorfheide;SEG6;"Osmia bicornis";2017-05-30;"Methyltetracosanoic acid 2";2.437
PNUTOBFA1718034;Pollen;Schorfheide;SEG6;"Osmia bicornis";2017-05-30;"Cerotic (Hexacosanoic) acid 2";1.2048
PNUTOBFA1718034;Pollen;Schorfheide;SEG6;"Osmia bicornis";2017-05-30;"Montanic (Octacosanoic) acid";0
PNUTOBFA1718035;Pollen;Schorfheide;SEG4;"Osmia bicornis";2018-07-14;"Caprylic (Octanoic) acid";4.7475
PNUTOBFA1718035;Pollen;Schorfheide;SEG4;"Osmia bicornis";2018-07-14;"Glutaric (Pentanedioic) acid";0
PNUTOBFA1718035;Pollen;Schorfheide;SEG4;"Osmia bicornis";2018-07-14;"Pelargonic (Nonanoic) acid";1.1538
PNUTOBFA1718035;Pollen;Schorfheide;SEG4;"Osmia bicornis";2018-07-14;"Adipic (Hexanedioic) acid";0.2022
PNUTOBFA1718035;Pollen;Schorfheide;SEG4;"Osmia bicornis";2018-07-14;"Capric (Decanoic) acid";0.7531
PNUTOBFA1718035;Pollen;Schorfheide;SEG4;"Osmia bicornis";2018-07-14;"Lauric (Dodecanoic) acid";15.5358
PNUTOBFA1718035;Pollen;Schorfheide;SEG4;"Osmia bicornis";2018-07-14;"Azelaic (Nonanedioic) acid";0.6268
PNUTOBFA1718035;Pollen;Schorfheide;SEG4;"Osmia bicornis";2018-07-14;"Sebacic (Decanedioic) acid";1.1945
PNUTOBFA1718035;Pollen;Schorfheide;SEG4;"Osmia bicornis";2018-07-14;"Myristic (Tetradecanoic) acid";3.4709
PNUTOBFA1718035;Pollen;Schorfheide;SEG4;"Osmia bicornis";2018-07-14;"Methyltetradecanoic acid 1 & 2";0.0732
PNUTOBFA1718035;Pollen;Schorfheide;SEG4;"Osmia bicornis";2018-07-14;"Hexadecatrienoic acid";0
PNUTOBFA1718035;Pollen;Schorfheide;SEG4;"Osmia bicornis";2018-07-14;"Pentadecanoic acid";0.6978
PNUTOBFA1718035;Pollen;Schorfheide;SEG4;"Osmia bicornis";2018-07-14;"Palmitoleic (Hexadecenoic) acid 1&2";0
PNUTOBFA1718035;Pollen;Schorfheide;SEG4;"Osmia bicornis";2018-07-14;"Palmitic (Hexadecanoic) acid";43.8652
PNUTOBFA1718035;Pollen;Schorfheide;SEG4;"Osmia bicornis";2018-07-14;"Methylhexadecanoic acid 1 & 2";0.3024
PNUTOBFA1718035;Pollen;Schorfheide;SEG4;"Osmia bicornis";2018-07-14;"Margaric (Heptadecanoic) acid";0
PNUTOBFA1718035;Pollen;Schorfheide;SEG4;"Osmia bicornis";2018-07-14;"Docosatetraenoic acid";0
PNUTOBFA1718035;Pollen;Schorfheide;SEG4;"Osmia bicornis";2018-07-14;"Linoleic (Octadecadienoic) acid";0
PNUTOBFA1718035;Pollen;Schorfheide;SEG4;"Osmia bicornis";2018-07-14;"Oleic acid & Linolenic acid";0
PNUTOBFA1718035;Pollen;Schorfheide;SEG4;"Osmia bicornis";2018-07-14;"Stearic (Octadecanoic) acid";33.002
PNUTOBFA1718035;Pollen;Schorfheide;SEG4;"Osmia bicornis";2018-07-14;"Octadecatrienoic acid 1";13.5446
PNUTOBFA1718034;Pollen;Schorfheide;SEG6;"Osmia bicornis";2017-05-30;"Linoleic (Octadecadienoic) acid";0
PNUTOBFA1718034;Pollen;Schorfheide;SEG6;"Osmia bicornis";2017-05-30;"Oleic acid & Linolenic acid";0
PNUTOBFA1718034;Pollen;Schorfheide;SEG6;"Osmia bicornis";2017-05-30;"Stearic (Octadecanoic) acid";47.1726
PNUTOBFA1718034;Pollen;Schorfheide;SEG6;"Osmia bicornis";2017-05-30;"Octadecatrienoic acid 1";12.5552
PNUTOBFA1718034;Pollen;Schorfheide;SEG6;"Osmia bicornis";2017-05-30;"Octadecatrienoic acid 4";0
PNUTOBFA1718034;Pollen;Schorfheide;SEG6;"Osmia bicornis";2017-05-30;"Arachidic (Eicosanoic) acid";2.7159
PNUTOBFA1718034;Pollen;Schorfheide;SEG6;"Osmia bicornis";2017-05-30;"Behenic (Docosanoic) acid";2.0819
PNUTOBFA1718034;Pollen;Schorfheide;SEG6;"Osmia bicornis";2017-05-30;"Nervonic (Tetracosenoic) acid";0
PNUTOBFA1718023;Pollen;Alb;AEG4;"Osmia bicornis";2017-06-09;"Stearic (Octadecanoic) acid";43.0733
PNUTOBFA1718023;Pollen;Alb;AEG4;"Osmia bicornis";2017-06-09;"Octadecatrienoic acid 1";0
PNUTOBFA1718023;Pollen;Alb;AEG4;"Osmia bicornis";2017-06-09;"Octadecatrienoic acid 4";0
PNUTOBFA1718023;Pollen;Alb;AEG4;"Osmia bicornis";2017-06-09;"Arachidic (Eicosanoic) acid";4.6646
PNUTOBFA1718023;Pollen;Alb;AEG4;"Osmia bicornis";2017-06-09;"Behenic (Docosanoic) acid";2.5929
PNUTOBFA1718023;Pollen;Alb;AEG4;"Osmia bicornis";2017-06-09;"Nervonic (Tetracosenoic) acid";0
PNUTOBFA1718023;Pollen;Alb;AEG4;"Osmia bicornis";2017-06-09;"Lignoceric (Tetracosanoic) acid 1";0
PNUTOBFA1718023;Pollen;Alb;AEG4;"Osmia bicornis";2017-06-09;"Methyltetracosanoic acid 2";2.2326
PNUTOBFA1718023;Pollen;Alb;AEG4;"Osmia bicornis";2017-06-09;"Cerotic (Hexacosanoic) acid 2";1.061
PNUTOBFA1718023;Pollen;Alb;AEG4;"Osmia bicornis";2017-06-09;"Montanic (Octacosanoic) acid";0.6426
PNUTOBFA1718034;Pollen;Schorfheide;SEG6;"Osmia bicornis";2017-05-30;"Caprylic (Octanoic) acid";0
PNUTOBFA1718034;Pollen;Schorfheide;SEG6;"Osmia bicornis";2017-05-30;"Glutaric (Pentanedioic) acid";0.2106
PNUTOBFA1718034;Pollen;Schorfheide;SEG6;"Osmia bicornis";2017-05-30;"Pelargonic (Nonanoic) acid";1.5382
PNUTOBFA1718034;Pollen;Schorfheide;SEG6;"Osmia bicornis";2017-05-30;"Adipic (Hexanedioic) acid";0.5462
PNUTOBFA1718034;Pollen;Schorfheide;SEG6;"Osmia bicornis";2017-05-30;"Capric (Decanoic) acid";0.5558
PNUTOBFA1718034;Pollen;Schorfheide;SEG6;"Osmia bicornis";2017-05-30;"Lauric (Dodecanoic) acid";2.563
PNUTOBFA1718034;Pollen;Schorfheide;SEG6;"Osmia bicornis";2017-05-30;"Azelaic (Nonanedioic) acid";1.041
PNUTOBFA1718034;Pollen;Schorfheide;SEG6;"Osmia bicornis";2017-05-30;"Sebacic (Decanedioic) acid";5.2258
PNUTOBFA1718034;Pollen;Schorfheide;SEG6;"Osmia bicornis";2017-05-30;"Myristic (Tetradecanoic) acid";4.2219
PNUTOBFA1718034;Pollen;Schorfheide;SEG6;"Osmia bicornis";2017-05-30;"Methyltetradecanoic acid 1 & 2";0.3575
PNUTOBFA1718034;Pollen;Schorfheide;SEG6;"Osmia bicornis";2017-05-30;"Hexadecatrienoic acid";0
PNUTOBFA1718034;Pollen;Schorfheide;SEG6;"Osmia bicornis";2017-05-30;"Pentadecanoic acid";1.3993
PNUTOBFA1718034;Pollen;Schorfheide;SEG6;"Osmia bicornis";2017-05-30;"Palmitoleic (Hexadecenoic) acid 1&2";0
PNUTOBFA1718034;Pollen;Schorfheide;SEG6;"Osmia bicornis";2017-05-30;"Palmitic (Hexadecanoic) acid";54.8694
PNUTOBFA1718034;Pollen;Schorfheide;SEG6;"Osmia bicornis";2017-05-30;"Methylhexadecanoic acid 1 & 2";0.8001
PNUTOBFA1718034;Pollen;Schorfheide;SEG6;"Osmia bicornis";2017-05-30;"Margaric (Heptadecanoic) acid";0
PNUTOBFA1718034;Pollen;Schorfheide;SEG6;"Osmia bicornis";2017-05-30;"Docosatetraenoic acid";0
PNUTOBFA1718023;Pollen;Alb;AEG4;"Osmia bicornis";2017-06-09;"Palmitic (Hexadecanoic) acid";57.0181
PNUTOBFA1718023;Pollen;Alb;AEG4;"Osmia bicornis";2017-06-09;"Methylhexadecanoic acid 1 & 2";0.218
PNUTOBFA1718023;Pollen;Alb;AEG4;"Osmia bicornis";2017-06-09;"Margaric (Heptadecanoic) acid";0
PNUTOBFA1718023;Pollen;Alb;AEG4;"Osmia bicornis";2017-06-09;"Docosatetraenoic acid";0
PNUTOBFA1718023;Pollen;Alb;AEG4;"Osmia bicornis";2017-06-09;"Linoleic (Octadecadienoic) acid";30.4881
PNUTOBFA1718023;Pollen;Alb;AEG4;"Osmia bicornis";2017-06-09;"Oleic acid & Linolenic acid";0
PNUTOBFA1718020;Pollen;Schorfheide;SEG2;"Osmia bicornis";2017-07-12;"Palmitic (Hexadecanoic) acid";74.5867
PNUTOBFA1718020;Pollen;Schorfheide;SEG2;"Osmia bicornis";2017-07-12;"Methylhexadecanoic acid 1 & 2";0.1448
PNUTOBFA1718020;Pollen;Schorfheide;SEG2;"Osmia bicornis";2017-07-12;"Margaric (Heptadecanoic) acid";0
PNUTOBFA1718020;Pollen;Schorfheide;SEG2;"Osmia bicornis";2017-07-12;"Docosatetraenoic acid";0
PNUTOBFA1718020;Pollen;Schorfheide;SEG2;"Osmia bicornis";2017-07-12;"Linoleic (Octadecadienoic) acid";0
PNUTOBFA1718020;Pollen;Schorfheide;SEG2;"Osmia bicornis";2017-07-12;"Oleic acid & Linolenic acid";0
PNUTOBFA1718020;Pollen;Schorfheide;SEG2;"Osmia bicornis";2017-07-12;"Stearic (Octadecanoic) acid";41.8387
PNUTOBFA1718020;Pollen;Schorfheide;SEG2;"Osmia bicornis";2017-07-12;"Octadecatrienoic acid 1";0
PNUTOBFA1718020;Pollen;Schorfheide;SEG2;"Osmia bicornis";2017-07-12;"Octadecatrienoic acid 4";0
PNUTOBFA1718020;Pollen;Schorfheide;SEG2;"Osmia bicornis";2017-07-12;"Arachidic (Eicosanoic) acid";7.0752
PNUTOBFA1718020;Pollen;Schorfheide;SEG2;"Osmia bicornis";2017-07-12;"Behenic (Docosanoic) acid";5.3846
PNUTOBFA1718020;Pollen;Schorfheide;SEG2;"Osmia bicornis";2017-07-12;"Nervonic (Tetracosenoic) acid";0
PNUTOBFA1718020;Pollen;Schorfheide;SEG2;"Osmia bicornis";2017-07-12;"Lignoceric (Tetracosanoic) acid 1";0
PNUTOBFA1718020;Pollen;Schorfheide;SEG2;"Osmia bicornis";2017-07-12;"Methyltetracosanoic acid 2";4.193
PNUTOBFA1718020;Pollen;Schorfheide;SEG2;"Osmia bicornis";2017-07-12;"Cerotic (Hexacosanoic) acid 2";0
PNUTOBFA1718020;Pollen;Schorfheide;SEG2;"Osmia bicornis";2017-07-12;"Montanic (Octacosanoic) acid";0
PNUTOBFA1718023;Pollen;Alb;AEG4;"Osmia bicornis";2017-06-09;"Caprylic (Octanoic) acid";0
PNUTOBFA1718023;Pollen;Alb;AEG4;"Osmia bicornis";2017-06-09;"Glutaric (Pentanedioic) acid";0
PNUTOBFA1718023;Pollen;Alb;AEG4;"Osmia bicornis";2017-06-09;"Pelargonic (Nonanoic) acid";1.1402
PNUTOBFA1718023;Pollen;Alb;AEG4;"Osmia bicornis";2017-06-09;"Adipic (Hexanedioic) acid";0.3229
PNUTOBFA1718023;Pollen;Alb;AEG4;"Osmia bicornis";2017-06-09;"Capric (Decanoic) acid";0.3362
PNUTOBFA1718023;Pollen;Alb;AEG4;"Osmia bicornis";2017-06-09;"Lauric (Dodecanoic) acid";1.2327
PNUTOBFA1718023;Pollen;Alb;AEG4;"Osmia bicornis";2017-06-09;"Azelaic (Nonanedioic) acid";0.6974
PNUTOBFA1718023;Pollen;Alb;AEG4;"Osmia bicornis";2017-06-09;"Sebacic (Decanedioic) acid";4.0892
PNUTOBFA1718023;Pollen;Alb;AEG4;"Osmia bicornis";2017-06-09;"Myristic (Tetradecanoic) acid";2.8143
PNUTOBFA1718023;Pollen;Alb;AEG4;"Osmia bicornis";2017-06-09;"Methyltetradecanoic acid 1 & 2";0.108
PNUTOBFA1718023;Pollen;Alb;AEG4;"Osmia bicornis";2017-06-09;"Hexadecatrienoic acid";0
PNUTOBFA1718023;Pollen;Alb;AEG4;"Osmia bicornis";2017-06-09;"Pentadecanoic acid";1.0411
PNUTOBFA1718023;Pollen;Alb;AEG4;"Osmia bicornis";2017-06-09;"Palmitoleic (Hexadecenoic) acid 1&2";0
PNUTOBFA1718020;Pollen;Schorfheide;SEG2;"Osmia bicornis";2017-07-12;"Methyltetradecanoic acid 1 & 2";0.0826
PNUTOBFA1718020;Pollen;Schorfheide;SEG2;"Osmia bicornis";2017-07-12;"Hexadecatrienoic acid";1.8826
PNUTOBFA1718020;Pollen;Schorfheide;SEG2;"Osmia bicornis";2017-07-12;"Pentadecanoic acid";1.2018
PNUTOBFA1718020;Pollen;Schorfheide;SEG2;"Osmia bicornis";2017-07-12;"Palmitoleic (Hexadecenoic) acid 1&2";0
PNUTOBFA1718018;Pollen;Schorfheide;SEG4;"Osmia bicornis";2018-06-13;"Sebacic (Decanedioic) acid";1.725
PNUTOBFA1718018;Pollen;Schorfheide;SEG4;"Osmia bicornis";2018-06-13;"Myristic (Tetradecanoic) acid";3.8022
PNUTOBFA1718018;Pollen;Schorfheide;SEG4;"Osmia bicornis";2018-06-13;"Methyltetradecanoic acid 1 & 2";0.1808
PNUTOBFA1718018;Pollen;Schorfheide;SEG4;"Osmia bicornis";2018-06-13;"Hexadecatrienoic acid";0
PNUTOBFA1718018;Pollen;Schorfheide;SEG4;"Osmia bicornis";2018-06-13;"Pentadecanoic acid";2.0692
PNUTOBFA1718018;Pollen;Schorfheide;SEG4;"Osmia bicornis";2018-06-13;"Palmitoleic (Hexadecenoic) acid 1&2";0
PNUTOBFA1718018;Pollen;Schorfheide;SEG4;"Osmia bicornis";2018-06-13;"Palmitic (Hexadecanoic) acid";80.1349
PNUTOBFA1718018;Pollen;Schorfheide;SEG4;"Osmia bicornis";2018-06-13;"Methylhexadecanoic acid 1 & 2";4.0398
PNUTOBFA1718018;Pollen;Schorfheide;SEG4;"Osmia bicornis";2018-06-13;"Margaric (Heptadecanoic) acid";0
PNUTOBFA1718018;Pollen;Schorfheide;SEG4;"Osmia bicornis";2018-06-13;"Docosatetraenoic acid";0
PNUTOBFA1718018;Pollen;Schorfheide;SEG4;"Osmia bicornis";2018-06-13;"Linoleic (Octadecadienoic) acid";0
PNUTOBFA1718018;Pollen;Schorfheide;SEG4;"Osmia bicornis";2018-06-13;"Oleic acid & Linolenic acid";0
PNUTOBFA1718018;Pollen;Schorfheide;SEG4;"Osmia bicornis";2018-06-13;"Stearic (Octadecanoic) acid";35.9313
PNUTOBFA1718018;Pollen;Schorfheide;SEG4;"Osmia bicornis";2018-06-13;"Octadecatrienoic acid 1";25.0913
PNUTOBFA1718018;Pollen;Schorfheide;SEG4;"Osmia bicornis";2018-06-13;"Octadecatrienoic acid 4";0
PNUTOBFA1718018;Pollen;Schorfheide;SEG4;"Osmia bicornis";2018-06-13;"Arachidic (Eicosanoic) acid";7.3977
PNUTOBFA1718018;Pollen;Schorfheide;SEG4;"Osmia bicornis";2018-06-13;"Behenic (Docosanoic) acid";6.931
PNUTOBFA1718018;Pollen;Schorfheide;SEG4;"Osmia bicornis";2018-06-13;"Nervonic (Tetracosenoic) acid";0
PNUTOBFA1718018;Pollen;Schorfheide;SEG4;"Osmia bicornis";2018-06-13;"Lignoceric (Tetracosanoic) acid 1";0.2842
PNUTOBFA1718018;Pollen;Schorfheide;SEG4;"Osmia bicornis";2018-06-13;"Methyltetracosanoic acid 2";6.3014
PNUTOBFA1718018;Pollen;Schorfheide;SEG4;"Osmia bicornis";2018-06-13;"Cerotic (Hexacosanoic) acid 2";2.1511
PNUTOBFA1718018;Pollen;Schorfheide;SEG4;"Osmia bicornis";2018-06-13;"Montanic (Octacosanoic) acid";0
PNUTOBFA1718020;Pollen;Schorfheide;SEG2;"Osmia bicornis";2017-07-12;"Caprylic (Octanoic) acid";0
PNUTOBFA1718020;Pollen;Schorfheide;SEG2;"Osmia bicornis";2017-07-12;"Glutaric (Pentanedioic) acid";0.1106
PNUTOBFA1718020;Pollen;Schorfheide;SEG2;"Osmia bicornis";2017-07-12;"Pelargonic (Nonanoic) acid";1.3232
PNUTOBFA1718020;Pollen;Schorfheide;SEG2;"Osmia bicornis";2017-07-12;"Adipic (Hexanedioic) acid";0.1476
PNUTOBFA1718020;Pollen;Schorfheide;SEG2;"Osmia bicornis";2017-07-12;"Capric (Decanoic) acid";0.1506
PNUTOBFA1718020;Pollen;Schorfheide;SEG2;"Osmia bicornis";2017-07-12;"Lauric (Dodecanoic) acid";1.339
PNUTOBFA1718020;Pollen;Schorfheide;SEG2;"Osmia bicornis";2017-07-12;"Azelaic (Nonanedioic) acid";2.3043
PNUTOBFA1718020;Pollen;Schorfheide;SEG2;"Osmia bicornis";2017-07-12;"Sebacic (Decanedioic) acid";0.9627
PNUTOBFA1718020;Pollen;Schorfheide;SEG2;"Osmia bicornis";2017-07-12;"Myristic (Tetradecanoic) acid";5.1656
PNUTOBFA1718018;Pollen;Schorfheide;SEG4;"Osmia bicornis";2018-06-13;"Lauric (Dodecanoic) acid";0.9118
PNUTOBFA1718018;Pollen;Schorfheide;SEG4;"Osmia bicornis";2018-06-13;"Azelaic (Nonanedioic) acid";2.4786
PNUTOBFA1718016;Pollen;Schorfheide;SEG1;"Osmia bicornis";2017-05-30;"Caprylic (Octanoic) acid";0
PNUTOBFA1718016;Pollen;Schorfheide;SEG1;"Osmia bicornis";2017-05-30;"Glutaric (Pentanedioic) acid";0
PNUTOBFA1718016;Pollen;Schorfheide;SEG1;"Osmia bicornis";2017-05-30;"Pelargonic (Nonanoic) acid";1.4048
PNUTOBFA1718016;Pollen;Schorfheide;SEG1;"Osmia bicornis";2017-05-30;"Adipic (Hexanedioic) acid";0.5051
PNUTOBFA1718016;Pollen;Schorfheide;SEG1;"Osmia bicornis";2017-05-30;"Capric (Decanoic) acid";0.57
PNUTOBFA1718016;Pollen;Schorfheide;SEG1;"Osmia bicornis";2017-05-30;"Lauric (Dodecanoic) acid";1.9786
PNUTOBFA1718016;Pollen;Schorfheide;SEG1;"Osmia bicornis";2017-05-30;"Azelaic (Nonanedioic) acid";0.6997
PNUTOBFA1718016;Pollen;Schorfheide;SEG1;"Osmia bicornis";2017-05-30;"Sebacic (Decanedioic) acid";4.5757
PNUTOBFA1718016;Pollen;Schorfheide;SEG1;"Osmia bicornis";2017-05-30;"Myristic (Tetradecanoic) acid";13.9479
PNUTOBFA1718016;Pollen;Schorfheide;SEG1;"Osmia bicornis";2017-05-30;"Methyltetradecanoic acid 1 & 2";0.1959
PNUTOBFA1718016;Pollen;Schorfheide;SEG1;"Osmia bicornis";2017-05-30;"Hexadecatrienoic acid";3.1711
PNUTOBFA1718016;Pollen;Schorfheide;SEG1;"Osmia bicornis";2017-05-30;"Pentadecanoic acid";1.9143
PNUTOBFA1718016;Pollen;Schorfheide;SEG1;"Osmia bicornis";2017-05-30;"Palmitoleic (Hexadecenoic) acid 1&2";0
PNUTOBFA1718016;Pollen;Schorfheide;SEG1;"Osmia bicornis";2017-05-30;"Palmitic (Hexadecanoic) acid";99.0538
PNUTOBFA1718016;Pollen;Schorfheide;SEG1;"Osmia bicornis";2017-05-30;"Methylhexadecanoic acid 1 & 2";1.0058
PNUTOBFA1718016;Pollen;Schorfheide;SEG1;"Osmia bicornis";2017-05-30;"Margaric (Heptadecanoic) acid";1.7617
PNUTOBFA1718016;Pollen;Schorfheide;SEG1;"Osmia bicornis";2017-05-30;"Docosatetraenoic acid";0
PNUTOBFA1718016;Pollen;Schorfheide;SEG1;"Osmia bicornis";2017-05-30;"Linoleic (Octadecadienoic) acid";0
PNUTOBFA1718016;Pollen;Schorfheide;SEG1;"Osmia bicornis";2017-05-30;"Oleic acid & Linolenic acid";0
PNUTOBFA1718016;Pollen;Schorfheide;SEG1;"Osmia bicornis";2017-05-30;"Stearic (Octadecanoic) acid";54.4632
PNUTOBFA1718016;Pollen;Schorfheide;SEG1;"Osmia bicornis";2017-05-30;"Octadecatrienoic acid 1";20.4636
PNUTOBFA1718016;Pollen;Schorfheide;SEG1;"Osmia bicornis";2017-05-30;"Octadecatrienoic acid 4";7.3123
PNUTOBFA1718016;Pollen;Schorfheide;SEG1;"Osmia bicornis";2017-05-30;"Arachidic (Eicosanoic) acid";0
PNUTOBFA1718016;Pollen;Schorfheide;SEG1;"Osmia bicornis";2017-05-30;"Behenic (Docosanoic) acid";4.3393
PNUTOBFA1718016;Pollen;Schorfheide;SEG1;"Osmia bicornis";2017-05-30;"Nervonic (Tetracosenoic) acid";4.4193
PNUTOBFA1718016;Pollen;Schorfheide;SEG1;"Osmia bicornis";2017-05-30;"Lignoceric (Tetracosanoic) acid 1";0
PNUTOBFA1718016;Pollen;Schorfheide;SEG1;"Osmia bicornis";2017-05-30;"Methyltetracosanoic acid 2";4.1238
PNUTOBFA1718016;Pollen;Schorfheide;SEG1;"Osmia bicornis";2017-05-30;"Cerotic (Hexacosanoic) acid 2";0
PNUTOBFA1718016;Pollen;Schorfheide;SEG1;"Osmia bicornis";2017-05-30;"Montanic (Octacosanoic) acid";2.0161
PNUTOBFA1718017;Pollen;Schorfheide;SEG4;"Osmia bicornis";2017-05-29;"Caprylic (Octanoic) acid";0.3366
PNUTOBFA1718017;Pollen;Schorfheide;SEG4;"Osmia bicornis";2017-05-29;"Glutaric (Pentanedioic) acid";0
PNUTOBFA1718017;Pollen;Schorfheide;SEG4;"Osmia bicornis";2017-05-29;"Pelargonic (Nonanoic) acid";0
PNUTOBFA1718017;Pollen;Schorfheide;SEG4;"Osmia bicornis";2017-05-29;"Adipic (Hexanedioic) acid";0.6462
PNUTOBFA1718017;Pollen;Schorfheide;SEG4;"Osmia bicornis";2017-05-29;"Capric (Decanoic) acid";0.745
PNUTOBFA1718017;Pollen;Schorfheide;SEG4;"Osmia bicornis";2017-05-29;"Lauric (Dodecanoic) acid";2.2778
PNUTOBFA1718017;Pollen;Schorfheide;SEG4;"Osmia bicornis";2017-05-29;"Azelaic (Nonanedioic) acid";0.2938
PNUTOBFA1718017;Pollen;Schorfheide;SEG4;"Osmia bicornis";2017-05-29;"Sebacic (Decanedioic) acid";0
PNUTOBFA1718017;Pollen;Schorfheide;SEG4;"Osmia bicornis";2017-05-29;"Myristic (Tetradecanoic) acid";10.5417
PNUTOBFA1718017;Pollen;Schorfheide;SEG4;"Osmia bicornis";2017-05-29;"Methyltetradecanoic acid 1 & 2";0
PNUTOBFA1718017;Pollen;Schorfheide;SEG4;"Osmia bicornis";2017-05-29;"Hexadecatrienoic acid";0
PNUTOBFA1718017;Pollen;Schorfheide;SEG4;"Osmia bicornis";2017-05-29;"Pentadecanoic acid";3.4551
PNUTOBFA1718017;Pollen;Schorfheide;SEG4;"Osmia bicornis";2017-05-29;"Palmitoleic (Hexadecenoic) acid 1&2";10.6409
PNUTOBFA1718017;Pollen;Schorfheide;SEG4;"Osmia bicornis";2017-05-29;"Palmitic (Hexadecanoic) acid";83.1724
PNUTOBFA1718017;Pollen;Schorfheide;SEG4;"Osmia bicornis";2017-05-29;"Methylhexadecanoic acid 1 & 2";4.9514
PNUTOBFA1718017;Pollen;Schorfheide;SEG4;"Osmia bicornis";2017-05-29;"Margaric (Heptadecanoic) acid";4.5292
PNUTOBFA1718017;Pollen;Schorfheide;SEG4;"Osmia bicornis";2017-05-29;"Docosatetraenoic acid";43.8151
PNUTOBFA1718017;Pollen;Schorfheide;SEG4;"Osmia bicornis";2017-05-29;"Linoleic (Octadecadienoic) acid";16.0283
PNUTOBFA1718017;Pollen;Schorfheide;SEG4;"Osmia bicornis";2017-05-29;"Oleic acid & Linolenic acid";0
PNUTOBFA1718017;Pollen;Schorfheide;SEG4;"Osmia bicornis";2017-05-29;"Stearic (Octadecanoic) acid";50.1865
PNUTOBFA1718017;Pollen;Schorfheide;SEG4;"Osmia bicornis";2017-05-29;"Octadecatrienoic acid 1";28.3836
PNUTOBFA1718017;Pollen;Schorfheide;SEG4;"Osmia bicornis";2017-05-29;"Octadecatrienoic acid 4";1.4378
PNUTOBFA1718017;Pollen;Schorfheide;SEG4;"Osmia bicornis";2017-05-29;"Arachidic (Eicosanoic) acid";9.2156
PNUTOBFA1718017;Pollen;Schorfheide;SEG4;"Osmia bicornis";2017-05-29;"Behenic (Docosanoic) acid";1.7978
PNUTOBFA1718017;Pollen;Schorfheide;SEG4;"Osmia bicornis";2017-05-29;"Nervonic (Tetracosenoic) acid";4.0148
PNUTOBFA1718017;Pollen;Schorfheide;SEG4;"Osmia bicornis";2017-05-29;"Lignoceric (Tetracosanoic) acid 1";3.3881
PNUTOBFA1718017;Pollen;Schorfheide;SEG4;"Osmia bicornis";2017-05-29;"Methyltetracosanoic acid 2";0.3414
PNUTOBFA1718017;Pollen;Schorfheide;SEG4;"Osmia bicornis";2017-05-29;"Cerotic (Hexacosanoic) acid 2";0
PNUTOBFA1718017;Pollen;Schorfheide;SEG4;"Osmia bicornis";2017-05-29;"Montanic (Octacosanoic) acid";0
PNUTOBFA1718018;Pollen;Schorfheide;SEG4;"Osmia bicornis";2018-06-13;"Caprylic (Octanoic) acid";0
PNUTOBFA1718018;Pollen;Schorfheide;SEG4;"Osmia bicornis";2018-06-13;"Glutaric (Pentanedioic) acid";0.0845
PNUTOBFA1718018;Pollen;Schorfheide;SEG4;"Osmia bicornis";2018-06-13;"Pelargonic (Nonanoic) acid";1.4182
PNUTOBFA1718018;Pollen;Schorfheide;SEG4;"Osmia bicornis";2018-06-13;"Adipic (Hexanedioic) acid";0.3214
PNUTOBFA1718018;Pollen;Schorfheide;SEG4;"Osmia bicornis";2018-06-13;"Capric (Decanoic) acid";0.4211
