Sample_ID;Healthy_bee_individuals;Plot_ID;Exploratory;Date_of_Opening;Bee_Species
NR0253;2;HEG3;Hainich;2020-07-18;"Osmia bicornis"
NR0254;2;HEG3;Hainich;2020-07-18;"Osmia bicornis"
NR0255;3;HEG2;Hainich;2020-07-18;"Osmia bicornis"
NR0256;5;AEG6;Alb;2020-07-18;"Megachile rotundata"
NR0257;5;AEG6;Alb;2020-07-18;"Megachile rotundata"
NR0258;5;AEG6;Alb;2020-07-18;"Megachile rotundata"
NR0259;6;AEG6;Alb;2020-07-18;"Megachile versicolor"
NR0260;7;HEG8;Hainich;2020-07-18;"Megachile versicolor"
NR0261;7;AEG5;Alb;2020-07-18;"Osmia bicornis"
NR0262;6;HEG9;Hainich;2020-09-17;"Osmia bicornis"
NR0263;4;HEG9;Hainich;2020-09-17;"Osmia bicornis"
NR0264;2;SEG5;Schorfheide;2020-09-17;"Osmia bicornis"
NR0265;3;HEG8;Hainich;2020-09-17;"Megachile versicolor"
NR0266;3;HEG9;Hainich;2020-09-17;"Osmia bicornis"
NR0267;3;HEG9;Hainich;2020-09-17;"Osmia bicornis"
NR0268;3;SEG5;Schorfheide;2020-09-17;"Osmia bicornis"
NR0269;5;HEG8;Hainich;2020-09-17;"Chelostoma florisomne"
NR0270;5;SEG5;Schorfheide;2020-09-17;"Osmia bicornis"
NR0271;6;SEG1;Schorfheide;2020-09-17;"Osmia bicornis"
NR0272;6;SEG8;Schorfheide;2020-09-17;"Osmia bicornis"
NR0273;7;AEG9;Alb;2020-09-17;"Megachile rotundata"
NR0274;7;HEG9;Hainich;2020-09-17;"Osmia bicornis"
NR0275;8;AEG5;Alb;2020-09-17;"Chelostoma florisomne"
NR0276;8;HEG6;Hainich;2020-09-17;"Heriades truncorum"
NR0277;3;AEG9;Alb;2020-09-18;"Heriades truncorum"
NR0278;4;HEG9;Hainich;2020-09-18;"Heriades truncorum"
NR0279;2;AEG6;Alb;2020-10-17;"Heriades truncorum"
NR0280;2;HEG6;Hainich;2020-10-17;"Osmia bicornis"
NR0281;3;AEG9;Alb;2020-10-17;"Heriades truncorum"
NR0282;3;AEG8;Alb;2020-10-17;"Heriades truncorum"
NR0283;7;AEG6;Alb;2020-10-17;"Heriades truncorum"
NR0284;9;SEG3;Schorfheide;2020-10-17;"Heriades truncorum"
NR0285;11;AEG1;Alb;2020-10-17;"Heriades truncorum"
NR0248;10;HEG9;Hainich;2020-07-17;"Osmia caerulescens"
NR0249;10;SEG6;Schorfheide;2020-07-17;"Osmia caerulescens"
NR0250;10;HEG5;Hainich;2020-07-17;"Osmia caerulescens"
NR0251;14;HEG9;Hainich;2020-07-17;"Osmia caerulescens"
NR0252;2;HEG2;Hainich;2020-07-18;"Osmia bicornis"
NR0214;6;SEG8;Schorfheide;2020-07-17;"Osmia caerulescens"
NR0215;6;SEG8;Schorfheide;2020-07-17;"Osmia caerulescens"
NR0216;6;SEG7;Schorfheide;2020-07-17;"Osmia cornuta"
NR0217;7;AEG5;Alb;2020-07-17;"Chelostoma florisomne"
NR0218;7;HEG9;Hainich;2020-07-17;"Megachile versicolor"
NR0219;7;SEG4;Schorfheide;2020-07-17;"Osmia bicornis"
NR0220;7;SEG4;Schorfheide;2020-07-17;"Osmia bicornis"
NR0221;7;SEG5;Schorfheide;2020-07-17;"Osmia bicornis"
NR0222;4;HEG5;Hainich;2020-07-17;"Osmia bicornis"
NR0223;7;AEG6;Alb;2020-07-17;"Osmia caerulescens"
NR0224;7;HEG7;Hainich;2020-07-17;"Osmia cornuta"
NR0225;7;AEG6;Alb;2020-07-17;"Osmia leaiana"
NR0226;8;AEG7;Alb;2020-07-17;"Chelostoma florisomne"
NR0227;8;SEG6;Schorfheide;2020-07-17;"Hyleaus spp."
NR0228;8;HEG9;Hainich;2020-07-17;"Osmia bicornis"
NR0229;8;SEG1;Schorfheide;2020-07-17;"Osmia bicornis"
NR0230;8;SEG5;Schorfheide;2020-07-17;"Osmia bicornis"
NR0231;8;SEG1;Schorfheide;2020-07-17;"Osmia bicornis"
NR0232;8;SEG7;Schorfheide;2020-07-17;"Osmia bicornis"
NR0233;5;HEG6;Hainich;2020-07-17;"Osmia bicornis"
NR0234;8;SEG3;Schorfheide;2020-07-17;"Osmia caerulescens"
NR0235;8;SEG3;Schorfheide;2020-07-17;"Osmia caerulescens"
NR0236;8;HEG5;Hainich;2020-07-17;"Osmia caerulescens"
NR0237;8;AEG6;Alb;2020-07-17;"Osmia leaiana"
NR0238;9;AEG1;Alb;2020-07-17;"Megachile rotundata"
NR0239;9;SEG4;Schorfheide;2020-07-17;"Osmia bicornis"
NR0240;5;HEG6;Hainich;2020-07-17;"Osmia bicornis"
NR0241;9;SEG4;Schorfheide;2020-07-17;"Osmia caerulescens"
NR0242;9;SEG4;Schorfheide;2020-07-17;"Osmia caerulescens"
NR0243;9;SEG4;Schorfheide;2020-07-17;"Osmia cornuta"
NR0244;9;AEG9;Alb;2020-07-17;"Osmia leaiana"
NR0245;10;SEG4;Schorfheide;2020-07-17;Anthidium
NR0246;5;AEG4;Alb;2020-07-17;"Osmia bicornis"
NR0247;4;HEG6;Hainich;2020-07-17;"Osmia bicornis"
NR0210;6;AEG4;Alb;2020-07-17;"Osmia bicornis"
NR0211;6;HEG6;Hainich;2020-07-17;"Osmia bicornis"
NR0212;6;SEG4;Schorfheide;2020-07-17;"Osmia caerulescens"
NR0213;6;AEG1;Alb;2020-07-17;"Osmia caerulescens"
NR0175;5;AEG7;Alb;2020-07-17;"Chelostoma florisomne"
NR0176;5;HEG9;Hainich;2020-07-17;"Chelostoma florisomne"
NR0177;5;SEG5;Schorfheide;2020-07-17;"Chelostoma florisomne"
NR0178;8;HEG8;Hainich;2020-07-17;"Chelostoma florisomne"
NR0179;5;SEG1;Schorfheide;2020-07-17;"Megachile rotundata"
NR0180;5;SEG4;Schorfheide;2020-07-17;"Osmia bicornis"
NR0181;5;SEG4;Schorfheide;2020-07-17;"Osmia bicornis"
NR0182;5;HEG9;Hainich;2020-07-17;"Osmia bicornis"
NR0183;5;SEG5;Schorfheide;2020-07-17;"Osmia bicornis"
NR0184;5;SEG5;Schorfheide;2020-07-17;"Osmia bicornis"
NR0185;5;SEG5;Schorfheide;2020-07-17;"Osmia bicornis"
NR0186;5;SEG5;Schorfheide;2020-07-17;"Osmia bicornis"
NR0187;5;SEG1;Schorfheide;2020-07-17;"Osmia bicornis"
NR0188;5;SEG5;Schorfheide;2020-07-17;"Osmia bicornis"
NR0189;5;SEG5;Schorfheide;2020-07-17;"Osmia bicornis"
NR0190;10;SEG2;Schorfheide;2020-07-17;"Osmia bicornis"
NR0191;3;SEG6;Schorfheide;2020-07-17;"Osmia bicornis"
NR0192;3;HEG7;Hainich;2020-07-17;"Osmia bicornis"
NR0193;3;HEG6;Hainich;2020-07-17;"Osmia bicornis"
NR0194;5;AEG2;Alb;2020-07-17;"Osmia bicornis"
NR0195;5;HEG7;Hainich;2020-07-17;"Osmia caerulescens"
NR0196;6;AEG7;Alb;2020-07-17;"Chelostoma florisomne"
NR0197;6;AEG3;Alb;2020-07-17;"Chelostoma florisomne"
NR0198;6;AEG5;Alb;2020-07-17;"Chelostoma florisomne"
NR0199;6;SEG6;Schorfheide;2020-07-17;"Hyleaus spp."
NR0200;6;SEG4;Schorfheide;2020-07-17;"Megachile rotundata"
NR0201;6;SEG1;Schorfheide;2020-07-17;"Megachile rotundata"
NR0202;6;SEG1;Schorfheide;2020-07-17;"Megachile rotundata"
NR0203;6;SEG4;Schorfheide;2020-07-17;"Osmia bicornis"
NR0204;6;SEG4;Schorfheide;2020-07-17;"Osmia bicornis"
NR0205;6;SEG5;Schorfheide;2020-07-17;"Osmia bicornis"
NR0206;6;SEG1;Schorfheide;2020-07-17;"Osmia bicornis"
NR0207;6;SEG5;Schorfheide;2020-07-17;"Osmia bicornis"
NR0208;6;SEG9;Schorfheide;2020-07-17;"Osmia bicornis"
NR0209;6;AEG6;Alb;2020-07-17;"Osmia bicornis"
NR0172;2;SEG3;Schorfheide;2020-07-17;"Osmia bicornis"
NR0173;4;SEG6;Schorfheide;2020-07-17;"Osmia bicornis"
NR0174;4;AEG2;Alb;2020-07-17;"Osmia bicornis"
NR0136;7;HEG8;Hainich;2020-06-18;"Osmia bicornis"
NR0137;7;HEG5;Hainich;2020-06-18;"Osmia bicornis"
NR0138;8;HEG9;Hainich;2020-06-18;"Osmia bicornis"
NR0139;8;HEG9;Hainich;2020-06-18;"Osmia bicornis"
NR0140;8;HEG9;Hainich;2020-06-18;"Osmia bicornis"
NR0141;8;SEG5;Schorfheide;2020-06-18;"Osmia bicornis"
NR0142;8;SEG6;Schorfheide;2020-06-18;"Osmia bicornis"
NR0143;9;HEG9;Hainich;2020-06-18;"Osmia bicornis"
NR0144;9;HEG9;Hainich;2020-06-18;"Osmia bicornis"
NR0145;9;HEG9;Hainich;2020-06-18;"Osmia bicornis"
NR0146;9;SEG5;Schorfheide;2020-06-18;"Osmia bicornis"
NR0147;10;SEG5;Schorfheide;2020-06-18;"Osmia bicornis"
NR0148;10;SEG5;Schorfheide;2020-06-18;"Osmia bicornis"
NR0149;6;HEG5;Hainich;2020-06-18;"Osmia bicornis"
NR0150;11;HEG5;Hainich;2020-06-18;"Osmia bicornis"
NR0151;1;AEG7;Alb;2020-07-17;"Chelostoma florisomne"
NR0152;1;AEG7;Alb;2020-07-17;"Chelostoma florisomne"
NR0153;2;AEG2;Alb;2020-07-17;"Megachile rotundata"
NR0154;4;SEG5;Schorfheide;2020-07-17;"Osmia bicornis"
NR0155;2;SEG9;Schorfheide;2020-07-17;"Osmia bicornis"
NR0156;2;HEG4;Hainich;2020-07-17;"Osmia bicornis"
NR0157;6;HEG8;Hainich;2020-07-17;"Megachile rotundata"
NR0158;3;SEG5;Schorfheide;2020-07-17;"Osmia bicornis"
NR0159;3;SEG5;Schorfheide;2020-07-17;"Osmia bicornis"
NR0160;3;SEG1;Schorfheide;2020-07-17;"Osmia bicornis"
NR0161;3;SEG5;Schorfheide;2020-07-17;"Osmia bicornis"
NR0162;3;AEG5;Alb;2020-07-17;"Osmia bicornis"
NR0163;3;AEG2;Alb;2020-07-17;"Osmia bicornis"
NR0164;3;AEG2;Alb;2020-07-17;"Osmia bicornis"
NR0165;4;SEG5;Schorfheide;2020-07-17;"Chelostoma florisomne"
NR0166;4;HEG4;Hainich;2020-07-17;"Chelostoma florisomne"
NR0167;4;HEG8;Hainich;2020-07-17;"Megachile rotundata"
NR0168;9;HEG9;Hainich;2020-07-17;"Osmia bicornis"
NR0169;4;HEG9;Hainich;2020-07-17;"Osmia bicornis"
NR0170;7;SEG5;Schorfheide;2020-07-17;"Osmia bicornis"
NR0171;4;SEG2;Schorfheide;2020-07-17;"Osmia bicornis"
NR0134;7;SEG5;Schorfheide;2020-06-18;"Osmia bicornis"
NR0135;7;SEG5;Schorfheide;2020-06-18;"Osmia bicornis"
NR0097;9;HEG8;Hainich;2020-06-17;"Osmia bicornis"
NR0098;2;HEG6;Hainich;2020-06-17;"Osmia bicornis"
NR0099;4;HEG6;Hainich;2020-06-17;"Osmia bicornis"
NR0100;4;HEG6;Hainich;2020-06-17;"Osmia bicornis"
NR0101;9;HEG8;Hainich;2020-06-17;"Osmia caerulescens"
NR0102;9;AEG5;Alb;2020-06-17;"Osmia caerulescens"
NR0103;12;HEG8;Hainich;2020-06-17;"Osmia caerulescens"
NR0104;13;HEG8;Hainich;2020-06-17;"Osmia caerulescens"
NR0105;5;HEG9;Hainich;2020-06-18;"Osmia bicornis"
NR0106;2;HEG9;Hainich;2020-06-18;"Megachile versicolor"
NR0107;2;SEG5;Schorfheide;2020-06-18;"Osmia bicornis"
NR0108;4;SEG5;Schorfheide;2020-06-18;"Osmia bicornis"
NR0109;2;HEG8;Hainich;2020-06-18;"Osmia bicornis"
NR0110;3;HEG9;Hainich;2020-06-18;"Osmia bicornis"
NR0111;7;HEG9;Hainich;2020-06-18;"Osmia bicornis"
NR0112;5;HEG9;Hainich;2020-06-18;"Osmia bicornis"
NR0113;3;HEG9;Hainich;2020-06-18;"Osmia bicornis"
NR0114;5;HEG9;Hainich;2020-06-18;"Osmia bicornis"
NR0115;3;HEG5;Hainich;2020-06-18;"Osmia bicornis"
NR0116;11;SEG5;Schorfheide;2020-06-18;"Osmia bicornis"
NR0117;4;SEG5;Schorfheide;2020-06-18;"Osmia bicornis"
NR0118;4;SEG5;Schorfheide;2020-06-18;"Osmia bicornis"
NR0119;4;SEG6;Schorfheide;2020-06-18;"Osmia bicornis"
NR0120;5;SEG8;Schorfheide;2020-06-18;"Hylaeus spp."
NR0121;5;HEG9;Hainich;2020-06-18;"Osmia bicornis"
NR0122;5;HEG9;Hainich;2020-06-18;"Osmia bicornis"
NR0123;5;HEG9;Hainich;2020-06-18;"Osmia bicornis"
NR0124;9;HEG9;Hainich;2020-06-18;"Osmia bicornis"
NR0125;5;HEG9;Hainich;2020-06-18;"Osmia bicornis"
NR0126;5;HEG9;Hainich;2020-06-18;"Osmia bicornis"
NR0127;5;HEG9;Hainich;2020-06-18;"Osmia bicornis"
NR0128;9;HEG9;Hainich;2020-06-18;"Osmia bicornis"
NR0129;6;HEG9;Hainich;2020-06-18;"Osmia bicornis"
NR0130;9;HEG9;Hainich;2020-06-18;"Osmia bicornis"
NR0131;6;SEG5;Schorfheide;2020-06-18;"Osmia bicornis"
NR0132;6;SEG5;Schorfheide;2020-06-18;"Osmia bicornis"
NR0133;6;SEG5;Schorfheide;2020-06-18;"Osmia bicornis"
NR0096;8;HEG8;Hainich;2020-06-17;"Osmia caerulescens"
NR0058;4;HEG6;Hainich;2020-06-17;"Osmia bicornis"
NR0059;4;AEG2;Alb;2020-06-17;"Osmia bicornis"
NR0060;4;AEG2;Alb;2020-06-17;"Osmia bicornis"
NR0061;4;SEG4;Schorfheide;2020-06-17;"Osmia cornuta"
NR0062;4;HEG9;Hainich;2020-06-17;"Osmia cornuta"
NR0063;5;HEG9;Hainich;2020-06-17;"Osmia bicornis"
NR0064;5;HEG9;Hainich;2020-06-17;"Osmia bicornis"
NR0065;5;HEG9;Hainich;2020-06-17;"Osmia bicornis"
NR0066;5;HEG9;Hainich;2020-06-17;"Osmia bicornis"
NR0067;5;HEG8;Hainich;2020-06-17;"Osmia bicornis"
NR0068;5;AEG4;Alb;2020-06-17;"Osmia bicornis"
NR0069;5;AEG4;Alb;2020-06-17;"Osmia bicornis"
NR0070;5;HEG5;Hainich;2020-06-17;"Osmia bicornis"
NR0071;1;HEG7;Hainich;2020-06-17;"Osmia bicornis"
NR0072;1;HEG6;Hainich;2020-06-17;"Osmia bicornis"
NR0073;5;HEG7;Hainich;2020-06-17;"Osmia cornuta"
NR0074;6;AEG7;Alb;2020-06-17;"Chelostoma florisomne"
NR0075;6;AEG5;Alb;2020-06-17;"Megachile rotundata"
NR0076;10;HEG9;Hainich;2020-06-17;"Megachile versicolor"
NR0077;6;HEG9;Hainich;2020-06-17;"Osmia bicornis"
NR0078;6;HEG9;Hainich;2020-06-17;"Osmia bicornis"
NR0079;1;AEG4;Alb;2020-06-17;"Osmia bicornis"
NR0080;6;HEG7;Hainich;2020-06-17;"Osmia bicornis"
NR0081;6;HEG7;Hainich;2020-06-17;"Osmia bicornis"
NR0082;3;AEG2;Alb;2020-06-17;"Osmia bicornis"
NR0083;3;AEG2;Alb;2020-06-17;"Osmia bicornis"
NR0084;6;AEG2;Alb;2020-06-17;"Osmia bicornis"
NR0085;6;SEG9;Schorfheide;2020-06-17;"Osmia cornuta"
NR0086;6;SEG6;Schorfheide;2020-06-17;"Osmia cornuta"
NR0087;7;HEG8;Hainich;2020-06-17;"Megachile versicolor"
NR0088;7;AEG9;Alb;2020-06-17;"Osmia bicornis"
NR0089;7;AEG5;Alb;2020-06-17;"Osmia bicornis"
NR0090;7;HEG5;Hainich;2020-06-17;"Osmia bicornis"
NR0091;3;HEG7;Hainich;2020-06-17;"Osmia bicornis"
NR0092;4;HEG6;Hainich;2020-06-17;"Osmia bicornis"
NR0093;8;HEG8;Hainich;2020-06-17;"Megachile versicolor"
NR0094;4;AEG4;Alb;2020-06-17;"Osmia bicornis"
NR0095;8;AEG4;Alb;2020-06-17;"Osmia bicornis"
NR0057;6;HEG6;Hainich;2020-06-17;"Osmia bicornis"
NR0019;6;HEG8;Hainich;2017-05-01;"Osmia cornuta"
NR0020;7;SEG4;Schorfheide;2020-05-17;"Osmia bicornis"
NR0021;7;SEG5;Schorfheide;2020-05-17;"Osmia bicornis"
NR0022;7;SEG5;Schorfheide;2020-05-17;"Osmia bicornis"
NR0023;7;SEG5;Schorfheide;2020-05-17;"Osmia bicornis"
NR0024;8;SEG4;Schorfheide;2020-05-17;"Osmia bicornis"
NR0025;8;SEG4;Schorfheide;2020-05-17;"Osmia cornuta"
NR0026;8;SEG5;Schorfheide;2020-05-17;"Osmia cornuta"
NR0027;10;SEG4;Schorfheide;2020-05-17;"Osmia bicornis"
NR0028;2;AEG4;Alb;2020-06-17;"Osmia bicornis"
NR0029;5;HEG9;Hainich;2020-06-17;"Osmia bicornis"
NR0030;6;HEG9;Hainich;2020-06-17;"Osmia bicornis"
NR0031;1;HEG5;Hainich;2020-06-17;"Osmia bicornis"
NR0032;2;HEG9;Hainich;2020-06-17;"Osmia bicornis"
NR0033;2;HEG9;Hainich;2020-06-17;"Osmia bicornis"
NR0034;2;HEG6;Hainich;2020-06-17;"Osmia bicornis"
NR0035;3;HEG8;Hainich;2020-06-17;"Chelostoma florisomne"
NR0036;3;HEG1;Hainich;2020-06-17;"Megachile rotundata"
NR0037;3;HEG9;Hainich;2020-06-17;"Osmia bicornis"
NR0038;6;HEG9;Hainich;2020-06-17;"Osmia bicornis"
NR0039;3;HEG9;Hainich;2020-06-17;"Osmia bicornis"
NR0040;3;HEG5;Hainich;2020-06-17;"Osmia bicornis"
NR0041;1;HEG7;Hainich;2020-06-17;"Osmia bicornis"
NR0042;3;HEG7;Hainich;2020-06-17;"Osmia bicornis"
NR0043;3;HEG7;Hainich;2020-06-17;"Osmia bicornis"
NR0044;3;HEG6;Hainich;2020-06-17;"Osmia bicornis"
NR0045;4;HEG8;Hainich;2020-06-17;"Chelostoma florisomne"
NR0046;8;AEG9;Alb;2020-06-17;"Megachile rotundata"
NR0047;4;HEG9;Hainich;2020-06-17;"Osmia bicornis"
NR0048;4;HEG9;Hainich;2020-06-17;"Osmia bicornis"
NR0049;4;HEG9;Hainich;2020-06-17;"Osmia bicornis"
NR0050;4;HEG9;Hainich;2020-06-17;"Osmia bicornis"
NR0051;4;AEG4;Alb;2020-06-17;"Osmia bicornis"
NR0052;2;AEG4;Alb;2020-06-17;"Osmia bicornis"
NR0053;4;HEG5;Hainich;2020-06-17;"Osmia bicornis"
NR0054;4;HEG5;Hainich;2020-06-17;"Osmia bicornis"
NR0055;4;HEG7;Hainich;2020-06-17;"Osmia bicornis"
NR0056;1;HEG6;Hainich;2020-06-17;"Osmia bicornis"
NR0001;4;SEG4;Schorfheide;2020-05-17;"Osmia cornuta"
NR0002;6;SEG4;Schorfheide;2020-05-17;"Osmia bicornis"
NR0003;2;HEG8;Hainich;2020-05-17;"Osmia cornuta"
NR0004;3;SEG5;Schorfheide;2020-05-17;"Osmia bicornis"
NR0005;3;HEG8;Hainich;2020-05-17;"Osmia cornuta"
NR0006;4;SEG4;Schorfheide;2020-05-17;"Osmia bicornis"
NR0007;4;SEG4;Schorfheide;2020-05-17;"Osmia bicornis"
NR0008;4;SEG5;Schorfheide;2020-05-17;"Osmia bicornis"
NR0009;4;SEG5;Schorfheide;2020-05-17;"Osmia bicornis"
NR0010;4;SEG5;Schorfheide;2020-05-17;"Osmia bicornis"
NR0011;4;SEG4;Schorfheide;2020-05-17;"Osmia cornuta"
NR0012;7;SEG3;Schorfheide;2020-05-17;"Osmia cornuta"
NR0013;5;SEG5;Schorfheide;2020-05-17;"Osmia bicornis"
NR0014;5;SEG5;Schorfheide;2020-05-17;"Osmia bicornis"
NR0015;6;SEG5;Schorfheide;2020-05-17;"Osmia bicornis"
NR0016;6;SEG5;Schorfheide;2020-05-17;"Osmia bicornis"
NR0017;6;SEG6;Schorfheide;2020-05-17;"Osmia bicornis"
NR0018;6;SEG5;Schorfheide;2020-05-17;"Osmia cornuta"
NR0003;2;HEG8;Hainich;1899-12-31;0
NR0005;3;HEG8;Hainich;1899-12-31;0
NR0019;6;HEG8;Hainich;1899-12-31;0
NR0001;4;SEG4;Schorfheide;1899-12-30;0
NR0002;2;SEG4;Schorfheide;1899-12-30;0
NR0006;4;SEG4;Schorfheide;1899-12-30;0
NR0007;4;SEG4;Schorfheide;1899-12-30;0
NR0011;4;SEG4;Schorfheide;1899-12-30;0
NR0012;4;SEG3;Schorfheide;2020-01-23;0.96
NR0020;7;SEG4;Schorfheide;1899-12-30;0
NR0024;8;SEG4;Schorfheide;1899-12-30;0
NR0025;8;SEG4;Schorfheide;1899-12-30;0
NR0027;10;SEG4;Schorfheide;1899-12-30;0
NR0004;3;SEG5;Schorfheide;1899-12-30;0.96
NR0008;4;SEG5;Schorfheide;1899-12-30;0.96
NR0009;4;SEG5;Schorfheide;1899-12-30;0.96
NR0010;4;SEG5;Schorfheide;1899-12-30;0.96
NR0013;5;SEG5;Schorfheide;1899-12-30;0.96
NR0014;5;SEG5;Schorfheide;1899-12-30;0.96
NR0015;6;SEG5;Schorfheide;1899-12-30;0.96
NR0016;6;SEG5;Schorfheide;1899-12-30;0.96
NR0018;6;SEG5;Schorfheide;1899-12-30;0.96
NR0021;7;SEG5;Schorfheide;1899-12-30;0.96
NR0022;7;SEG5;Schorfheide;1899-12-30;0.96
NR0023;7;SEG5;Schorfheide;1899-12-30;0.96
NR0026;8;SEG5;Schorfheide;1899-12-30;0.96
NR0017;6;SEG6;Schorfheide;2020-03-04;0.96
NR0031;1;HEG5;Hainich;1899-12-30;1.91
NR0036;3;HEG1;Hainich;1899-12-30;1.91
NR0040;3;HEG5;Hainich;1899-12-30;1.91
NR0053;4;HEG5;Hainich;1899-12-30;1.91
NR0054;4;HEG5;Hainich;1899-12-30;1.91
NR0070;5;HEG5;Hainich;1899-12-30;1.91
NR0090;7;HEG5;Hainich;1899-12-30;1.91
NR0029;5;HEG9;Hainich;1899-12-30;0
NR0030;3;HEG9;Hainich;1899-12-30;0
NR0032;2;HEG9;Hainich;1899-12-30;0
NR0033;2;HEG9;Hainich;1899-12-30;0
NR0034;2;HEG6;Hainich;1899-12-30;0.96
NR0035;3;HEG8;Hainich;1899-12-31;0
NR0037;3;HEG9;Hainich;1899-12-30;0
NR0038;3;HEG9;Hainich;1899-12-30;0
NR0039;3;HEG9;Hainich;1899-12-30;0
NR0041;1;HEG7;Hainich;2020-05-13;0
NR0042;3;HEG7;Hainich;2020-05-13;0
NR0043;3;HEG7;Hainich;2020-05-13;0
NR0044;3;HEG6;Hainich;1899-12-30;0.96
NR0045;4;HEG8;Hainich;1899-12-31;0
NR0047;4;HEG9;Hainich;1899-12-30;0
NR0048;4;HEG9;Hainich;1899-12-30;0
NR0049;4;HEG9;Hainich;1899-12-30;0
NR0050;4;HEG9;Hainich;1899-12-30;0
NR0055;4;HEG7;Hainich;2020-05-13;0
NR0056;1;HEG6;Hainich;1899-12-30;0.96
NR0057;4;HEG6;Hainich;1899-12-30;0.96
NR0058;4;HEG6;Hainich;1899-12-30;0.96
NR0062;4;HEG9;Hainich;1899-12-30;0
NR0063;5;HEG9;Hainich;1899-12-30;0
NR0064;5;HEG9;Hainich;1899-12-30;0
NR0065;5;HEG9;Hainich;1899-12-30;0
NR0066;5;HEG9;Hainich;1899-12-30;0
NR0067;5;HEG8;Hainich;1899-12-31;0
NR0071;1;HEG7;Hainich;2020-05-13;0
NR0072;1;HEG6;Hainich;1899-12-30;0.96
NR0073;5;HEG7;Hainich;2020-05-13;0
NR0076;6;HEG9;Hainich;1899-12-30;0
NR0077;6;HEG9;Hainich;1899-12-30;0
NR0078;6;HEG9;Hainich;1899-12-30;0
NR0080;6;HEG7;Hainich;2020-05-13;0
NR0081;6;HEG7;Hainich;2020-05-13;0
NR0087;7;HEG8;Hainich;1899-12-31;0
NR0091;7;HEG7;Hainich;2020-05-13;0
NR0092;7;HEG6;Hainich;1899-12-30;0.96
NR0093;8;HEG8;Hainich;1899-12-31;0
NR0096;8;HEG8;Hainich;1899-12-31;0
NR0097;9;HEG8;Hainich;1899-12-31;0
NR0098;6;HEG6;Hainich;1899-12-30;0.96
NR0099;4;HEG6;Hainich;1899-12-30;0.96
NR0100;6;HEG6;Hainich;1899-12-30;0.96
NR0101;9;HEG8;Hainich;1899-12-31;0
NR0103;12;HEG8;Hainich;1899-12-31;0
NR0104;13;HEG8;Hainich;1899-12-31;0
NR0046;4;AEG9;Alb;1899-12-30;0
NR0074;6;AEG7;Alb;1899-12-30;0
NR0075;6;AEG5;Alb;2020-01-01;0.96
NR0088;7;AEG9;Alb;1899-12-30;0
NR0089;7;AEG6;Alb;2020-01-01;0.96
NR0102;9;AEG5;Alb;2020-01-01;0.96
NR0028;2;AEG4;Alb;2020-01-24;0.96
NR0051;4;AEG4;Alb;2020-01-24;0.96
NR0052;4;AEG4;Alb;2020-01-24;0.96
NR0059;4;AEG2;Alb;1899-12-30;2.87
NR0060;4;AEG2;Alb;1899-12-30;2.87
NR0068;5;AEG4;Alb;2020-01-24;0.96
NR0069;5;AEG4;Alb;2020-01-24;0.96
NR0079;1;AEG4;Alb;2020-01-24;0.96
NR0082;6;AEG2;Alb;1899-12-30;2.87
NR0083;6;AEG2;Alb;1899-12-30;2.87
NR0084;6;AEG2;Alb;1899-12-30;2.87
NR0094;8;AEG4;Alb;2020-01-24;0.96
NR0095;8;AEG4;Alb;2020-01-24;0.96
NR0061;4;SEG4;Schorfheide;1899-12-30;0
NR0085;6;SEG9;Schorfheide;1900-01-01;0
NR0086;6;SEG6;Schorfheide;2020-03-04;0.96
NR0151;1;AEG7;Alb;1899-12-30;0
NR0152;1;AEG7;Alb;1899-12-30;0
NR0153;2;AEG2;Alb;1899-12-30;2.87
NR0162;3;AEG5;Alb;2020-01-01;0.96
NR0163;3;AEG2;Alb;1899-12-30;2.87
NR0164;3;AEG2;Alb;1899-12-30;2.87
NR0174;4;AEG2;Alb;1899-12-30;2.87
NR0175;5;AEG7;Alb;1899-12-30;0
NR0194;5;AEG2;Alb;1899-12-30;2.87
NR0196;6;AEG7;Alb;1899-12-30;0
NR0197;6;AEG3;Alb;1899-12-30;1.91
NR0198;6;AEG5;Alb;2020-01-01;0.96
NR0209;6;AEG6;Alb;1899-12-30;0.96
NR0210;6;AEG4;Alb;2020-01-24;0.96
NR0213;6;AEG1;Alb;1899-12-30;1.91
NR0217;7;AEG5;Alb;2020-01-01;0.96
NR0223;7;AEG6;Alb;1899-12-30;0.96
NR0225;7;AEG6;Alb;1899-12-30;0.96
NR0226;8;AEG7;Alb;1899-12-30;0
NR0237;8;AEG6;Alb;1899-12-30;0.96
NR0238;9;AEG1;Alb;1899-12-30;1.91
NR0244;9;AEG9;Alb;1899-12-30;0
NR0246;10;AEG4;Alb;2020-01-24;0.96
NR0160;3;SEG1;Schorfheide;1899-12-30;0.96
NR0171;4;SEG2;Schorfheide;2020-01-17;0
NR0172;4;SEG3;Schorfheide;2020-01-23;0.96
NR0179;5;SEG1;Schorfheide;1899-12-30;0.96
NR0180;5;SEG4;Schorfheide;1899-12-30;0
NR0181;5;SEG4;Schorfheide;1899-12-30;0
NR0187;5;SEG1;Schorfheide;1899-12-30;0.96
NR0190;5;SEG2;Schorfheide;2020-01-17;0
NR0200;6;SEG4;Schorfheide;1899-12-30;0
NR0201;6;SEG1;Schorfheide;1899-12-30;0.96
NR0202;6;SEG1;Schorfheide;1899-12-30;0.96
NR0203;6;SEG4;Schorfheide;1899-12-30;0
NR0204;6;SEG4;Schorfheide;1899-12-30;0
NR0206;6;SEG1;Schorfheide;1899-12-30;0.96
NR0212;6;SEG4;Schorfheide;1899-12-30;0
NR0219;7;SEG4;Schorfheide;1899-12-30;0
NR0220;7;SEG4;Schorfheide;1899-12-30;0
NR0229;8;SEG1;Schorfheide;1899-12-30;0.96
NR0231;8;SEG1;Schorfheide;1899-12-30;0.96
NR0234;8;SEG3;Schorfheide;2020-01-23;0.96
NR0235;8;SEG3;Schorfheide;2020-01-23;0.96
NR0239;9;SEG4;Schorfheide;1899-12-30;0
NR0241;9;SEG4;Schorfheide;1899-12-30;0
NR0242;9;SEG4;Schorfheide;1899-12-30;0
NR0243;9;SEG4;Schorfheide;1899-12-30;0
NR0245;10;SEG4;Schorfheide;1899-12-30;0
NR0154;2;SEG5;Schorfheide;1899-12-30;0.96
NR0155;2;SEG9;Schorfheide;1900-01-01;0
NR0158;3;SEG5;Schorfheide;1899-12-30;0.96
NR0159;3;SEG5;Schorfheide;1899-12-30;0.96
NR0161;3;SEG5;Schorfheide;1899-12-30;0.96
NR0165;4;SEG5;Schorfheide;1899-12-30;0.96
NR0170;4;SEG5;Schorfheide;1899-12-30;0.96
NR0173;4;SEG6;Schorfheide;2020-03-04;0.96
NR0177;5;SEG5;Schorfheide;1899-12-30;0.96
NR0183;5;SEG5;Schorfheide;1899-12-30;0.96
NR0184;5;SEG5;Schorfheide;1899-12-30;0.96
NR0185;5;SEG5;Schorfheide;1899-12-30;0.96
NR0186;5;SEG5;Schorfheide;1899-12-30;0.96
NR0188;5;SEG5;Schorfheide;1899-12-30;0.96
NR0189;5;SEG5;Schorfheide;1899-12-30;0.96
NR0191;5;SEG6;Schorfheide;2020-03-04;0.96
NR0199;6;SEG6;Schorfheide;2020-03-04;0.96
NR0205;6;SEG5;Schorfheide;1899-12-30;0.96
NR0207;6;SEG5;Schorfheide;1899-12-30;0.96
NR0208;6;SEG9;Schorfheide;1900-01-01;0
NR0214;6;SEG8;Schorfheide;1900-01-02;0.96
NR0215;6;SEG8;Schorfheide;1900-01-02;0.96
NR0216;6;SEG7;Schorfheide;1900-01-01;0
NR0221;7;SEG5;Schorfheide;1899-12-30;0.96
NR0227;8;SEG6;Schorfheide;2020-03-04;0.96
NR0230;8;SEG5;Schorfheide;1899-12-30;0.96
NR0232;8;SEG7;Schorfheide;1900-01-01;0
NR0249;10;SEG6;Schorfheide;2020-03-04;0.96
NR0156;2;HEG4;Hainich;1899-12-30;0.96
NR0157;6;HEG8;Hainich;1899-12-31;0
NR0166;4;HEG4;Hainich;1899-12-30;0.96
NR0167;4;HEG8;Hainich;1899-12-31;0
NR0178;5;HEG8;Hainich;1899-12-31;0
NR0192;5;HEG7;Hainich;2020-05-13;0
NR0193;3;HEG6;Hainich;1899-12-30;0.96
NR0195;5;HEG7;Hainich;2020-05-13;0
NR0211;6;HEG6;Hainich;1899-12-30;0.96
NR0222;7;HEG5;Hainich;1899-12-30;1.91
NR0224;7;HEG7;Hainich;2020-05-13;0
NR0233;8;HEG6;Hainich;1899-12-30;0.96
NR0236;8;HEG5;Hainich;1899-12-30;1.91
NR0240;5;HEG6;Hainich;1899-12-30;0.96
NR0247;4;HEG6;Hainich;1899-12-30;0.96
NR0250;10;HEG5;Hainich;1899-12-30;1.91
NR0168;9;HEG9;Hainich;1899-12-30;0
NR0169;4;HEG9;Hainich;1899-12-30;0
NR0176;5;HEG9;Hainich;1899-12-30;0
NR0182;5;HEG9;Hainich;1899-12-30;0
NR0218;7;HEG9;Hainich;1899-12-30;0
NR0228;8;HEG9;Hainich;1899-12-30;0
NR0248;10;HEG9;Hainich;1899-12-30;0
NR0251;14;HEG9;Hainich;1899-12-30;0
NR0273;7;AEG9;Alb;1899-12-30;0
NR0275;8;AEG5;Alb;2020-01-01;0.96
NR0262;6;HEG9;Hainich;1899-12-30;0
NR0263;4;HEG9;Hainich;1899-12-30;0
NR0265;3;HEG8;Hainich;1899-12-31;0
NR0266;3;HEG9;Hainich;1899-12-30;0
NR0267;3;HEG9;Hainich;1899-12-30;0
NR0269;5;HEG8;Hainich;1899-12-31;0
NR0274;7;HEG9;Hainich;1899-12-30;0
NR0276;8;HEG6;Hainich;1899-12-30;0.96
NR0264;2;SEG5;Schorfheide;1899-12-30;0.96
NR0268;3;SEG5;Schorfheide;1899-12-30;0.96
NR0270;5;SEG5;Schorfheide;1899-12-30;0.96
NR0271;6;SEG1;Schorfheide;1899-12-30;0.96
NR0272;6;SEG8;Schorfheide;1900-01-02;0.96
NR0280;2;HEG6;Hainich;1899-12-30;0.96
NR0284;9;SEG3;Schorfheide;2020-01-23;0.96
NR0279;2;AEG6;Alb;1899-12-30;0.96
NR0282;3;AEG8;Alb;1899-12-30;0.96
NR0283;7;AEG6;Alb;1899-12-30;0.96
NR0285;11;AEG1;Alb;1899-12-30;1.91
NR0281;3;AEG9;Alb;1899-12-30;0
NR0256;5;AEG6;Alb;1899-12-30;0.96
NR0257;5;AEG6;Alb;1899-12-30;0.96
NR0258;5;AEG6;Alb;1899-12-30;0.96
NR0259;6;AEG6;Alb;1899-12-30;0.96
NR0261;7;AEG5;Alb;2020-01-01;0.96
NR0115;3;HEG5;Hainich;1899-12-30;1.91
NR0137;7;HEG5;Hainich;1899-12-30;1.91
NR0149;10;HEG5;Hainich;1899-12-30;1.91
NR0150;11;HEG5;Hainich;1899-12-30;1.91
NR0109;2;HEG8;Hainich;1899-12-31;0
NR0136;7;HEG8;Hainich;1899-12-31;0
NR0105;5;HEG9;Hainich;1899-12-30;0
NR0106;2;HEG9;Hainich;1899-12-30;0
NR0110;3;HEG9;Hainich;1899-12-30;0
NR0111;3;HEG9;Hainich;1899-12-30;0
NR0112;3;HEG9;Hainich;1899-12-30;0
NR0113;3;HEG9;Hainich;1899-12-30;0
NR0114;3;HEG9;Hainich;1899-12-30;0
NR0121;5;HEG9;Hainich;1899-12-30;0
NR0122;5;HEG9;Hainich;1899-12-30;0
NR0123;5;HEG9;Hainich;1899-12-30;0
NR0124;9;HEG9;Hainich;1899-12-30;0
NR0125;5;HEG9;Hainich;1899-12-30;0
NR0126;5;HEG9;Hainich;1899-12-30;0
NR0127;5;HEG9;Hainich;1899-12-30;0
NR0128;9;HEG9;Hainich;1899-12-30;0
NR0129;6;HEG9;Hainich;1899-12-30;0
NR0130;9;HEG9;Hainich;1899-12-30;0
NR0138;8;HEG9;Hainich;1899-12-30;0
NR0139;8;HEG9;Hainich;1899-12-30;0
NR0140;8;HEG9;Hainich;1899-12-30;0
NR0143;9;HEG9;Hainich;1899-12-30;0
NR0144;9;HEG9;Hainich;1899-12-30;0
NR0145;9;HEG9;Hainich;1899-12-30;0
NR0107;2;SEG5;Schorfheide;1899-12-30;0.96
NR0108;2;SEG5;Schorfheide;1899-12-30;0.96
NR0116;11;SEG5;Schorfheide;1899-12-30;0.96
NR0117;4;SEG5;Schorfheide;1899-12-30;0.96
NR0118;4;SEG5;Schorfheide;1899-12-30;0.96
NR0131;6;SEG4;Schorfheide;1899-12-30;0.96
NR0132;6;SEG5;Schorfheide;1899-12-30;0.96
NR0133;6;SEG5;Schorfheide;1899-12-30;0.96
NR0134;7;SEG5;Schorfheide;1899-12-30;0.96
NR0135;7;SEG5;Schorfheide;1899-12-30;0.96
NR0141;8;SEG5;Schorfheide;1899-12-30;0.96
NR0146;9;SEG5;Schorfheide;1899-12-30;0.96
NR0147;10;SEG5;Schorfheide;1899-12-30;0.96
NR0148;10;SEG5;Schorfheide;1899-12-30;0.96
NR0119;4;SEG6;Schorfheide;2020-03-04;0.96
NR0120;5;SEG8;Schorfheide;1900-01-02;0.96
NR0142;8;SEG6;Schorfheide;2020-03-04;0.96
NR0252;2;HEG2;Hainich;1899-12-30;1.91
NR0253;2;HEG3;Hainich;1899-12-30;1.91
NR0254;2;HEG3;Hainich;1899-12-30;1.91
NR0255;3;HEG2;Hainich;1899-12-30;1.91
NR0260;7;HEG8;Hainich;1899-12-31;0
NR0277;3;AEG9;Alb;1899-12-30;0
NR0278;4;HEG9;Hainich;1899-12-30;0
NR0089;7;AEG5;Alb;2020-01-01;0.96
NR0131;6;SEG5;Schorfheide;1899-12-30;0.96
