008851b16aa04124b3a9195676604f35,0
008851b16aa04124b3a9195676604f35,2
008851b16aa04124b3a9195676604f35,7
008851b16aa04124b3a9195676604f35,8
008851b16aa04124b3a9195676604f35,10
008851b16aa04124b3a9195676604f35,11
008851b16aa04124b3a9195676604f35,14
008851b16aa04124b3a9195676604f35,15
008851b16aa04124b3a9195676604f35,16
008851b16aa04124b3a9195676604f35,17
008851b16aa04124b3a9195676604f35,18
008851b16aa04124b3a9195676604f35,19
008851b16aa04124b3a9195676604f35,20
008851b16aa04124b3a9195676604f35,23
008851b16aa04124b3a9195676604f35,25
008851b16aa04124b3a9195676604f35,26
008851b16aa04124b3a9195676604f35,28
008851b16aa04124b3a9195676604f35,31
008851b16aa04124b3a9195676604f35,32
008851b16aa04124b3a9195676604f35,33
008851b16aa04124b3a9195676604f35,34
008851b16aa04124b3a9195676604f35,35
008851b16aa04124b3a9195676604f35,36
008851b16aa04124b3a9195676604f35,37
008851b16aa04124b3a9195676604f35,38
008851b16aa04124b3a9195676604f35,39
097c576b688e46eca8583b1de1a84a59,0
097c576b688e46eca8583b1de1a84a59,2
097c576b688e46eca8583b1de1a84a59,7
097c576b688e46eca8583b1de1a84a59,8
097c576b688e46eca8583b1de1a84a59,10
097c576b688e46eca8583b1de1a84a59,11
097c576b688e46eca8583b1de1a84a59,14
097c576b688e46eca8583b1de1a84a59,15
097c576b688e46eca8583b1de1a84a59,16
097c576b688e46eca8583b1de1a84a59,17
097c576b688e46eca8583b1de1a84a59,18
097c576b688e46eca8583b1de1a84a59,19
097c576b688e46eca8583b1de1a84a59,20
097c576b688e46eca8583b1de1a84a59,23
097c576b688e46eca8583b1de1a84a59,25
097c576b688e46eca8583b1de1a84a59,26
097c576b688e46eca8583b1de1a84a59,28
097c576b688e46eca8583b1de1a84a59,31
097c576b688e46eca8583b1de1a84a59,32
097c576b688e46eca8583b1de1a84a59,33
097c576b688e46eca8583b1de1a84a59,34
097c576b688e46eca8583b1de1a84a59,35
097c576b688e46eca8583b1de1a84a59,36
097c576b688e46eca8583b1de1a84a59,37
097c576b688e46eca8583b1de1a84a59,38
097c576b688e46eca8583b1de1a84a59,39
0bc67e05a4d14011a2cf3fca2f869495,1
0bc67e05a4d14011a2cf3fca2f869495,2
0bc67e05a4d14011a2cf3fca2f869495,3
0bc67e05a4d14011a2cf3fca2f869495,4
0bc67e05a4d14011a2cf3fca2f869495,5
0bc67e05a4d14011a2cf3fca2f869495,6
0bc67e05a4d14011a2cf3fca2f869495,7
0bc67e05a4d14011a2cf3fca2f869495,8
0bc67e05a4d14011a2cf3fca2f869495,9
0bc67e05a4d14011a2cf3fca2f869495,10
0bc67e05a4d14011a2cf3fca2f869495,11
0be7652b187b45f5b111d51905c3c25b,1
0be7652b187b45f5b111d51905c3c25b,2
0be7652b187b45f5b111d51905c3c25b,3
0be7652b187b45f5b111d51905c3c25b,13
0be7652b187b45f5b111d51905c3c25b,16
0be7652b187b45f5b111d51905c3c25b,17
0be7652b187b45f5b111d51905c3c25b,19
0be7652b187b45f5b111d51905c3c25b,20
0be7652b187b45f5b111d51905c3c25b,21
0be7652b187b45f5b111d51905c3c25b,22
0be7652b187b45f5b111d51905c3c25b,23
0be7652b187b45f5b111d51905c3c25b,24
0be7652b187b45f5b111d51905c3c25b,25
0be7652b187b45f5b111d51905c3c25b,27
0be7652b187b45f5b111d51905c3c25b,28
0be7652b187b45f5b111d51905c3c25b,29
0be7652b187b45f5b111d51905c3c25b,31
0be7652b187b45f5b111d51905c3c25b,32
0be7652b187b45f5b111d51905c3c25b,33
0be7652b187b45f5b111d51905c3c25b,34
0be7652b187b45f5b111d51905c3c25b,35
0be7652b187b45f5b111d51905c3c25b,36
0be7652b187b45f5b111d51905c3c25b,37
0be7652b187b45f5b111d51905c3c25b,38
0be7652b187b45f5b111d51905c3c25b,39
0be7652b187b45f5b111d51905c3c25b,40
0be7652b187b45f5b111d51905c3c25b,41
0be7652b187b45f5b111d51905c3c25b,42
0dc3add04e344228bb140d5392399521,1
0dc3add04e344228bb140d5392399521,2
0dc3add04e344228bb140d5392399521,3
0dc3add04e344228bb140d5392399521,13
0dc3add04e344228bb140d5392399521,16
0dc3add04e344228bb140d5392399521,17
0dc3add04e344228bb140d5392399521,19
0dc3add04e344228bb140d5392399521,20
0dc3add04e344228bb140d5392399521,21
0dc3add04e344228bb140d5392399521,22
0dc3add04e344228bb140d5392399521,23
0dc3add04e344228bb140d5392399521,24
0dc3add04e344228bb140d5392399521,25
0dc3add04e344228bb140d5392399521,27
0dc3add04e344228bb140d5392399521,28
0dc3add04e344228bb140d5392399521,29
0dc3add04e344228bb140d5392399521,31
0dc3add04e344228bb140d5392399521,32
0dc3add04e344228bb140d5392399521,33
0dc3add04e344228bb140d5392399521,34
0dc3add04e344228bb140d5392399521,35
0dc3add04e344228bb140d5392399521,36
0dc3add04e344228bb140d5392399521,37
0dc3add04e344228bb140d5392399521,38
0dc3add04e344228bb140d5392399521,39
0dc3add04e344228bb140d5392399521,40
0dc3add04e344228bb140d5392399521,41
0dc3add04e344228bb140d5392399521,42
0ffeda696bba402284a382ab877bb9e7,0
0ffeda696bba402284a382ab877bb9e7,2
0ffeda696bba402284a382ab877bb9e7,7
0ffeda696bba402284a382ab877bb9e7,8
0ffeda696bba402284a382ab877bb9e7,10
0ffeda696bba402284a382ab877bb9e7,11
0ffeda696bba402284a382ab877bb9e7,14
0ffeda696bba402284a382ab877bb9e7,15
0ffeda696bba402284a382ab877bb9e7,16
0ffeda696bba402284a382ab877bb9e7,17
0ffeda696bba402284a382ab877bb9e7,18
0ffeda696bba402284a382ab877bb9e7,19
0ffeda696bba402284a382ab877bb9e7,20
0ffeda696bba402284a382ab877bb9e7,23
0ffeda696bba402284a382ab877bb9e7,25
0ffeda696bba402284a382ab877bb9e7,26
0ffeda696bba402284a382ab877bb9e7,28
0ffeda696bba402284a382ab877bb9e7,31
0ffeda696bba402284a382ab877bb9e7,32
0ffeda696bba402284a382ab877bb9e7,33
0ffeda696bba402284a382ab877bb9e7,34
0ffeda696bba402284a382ab877bb9e7,35
0ffeda696bba402284a382ab877bb9e7,36
0ffeda696bba402284a382ab877bb9e7,37
0ffeda696bba402284a382ab877bb9e7,38
0ffeda696bba402284a382ab877bb9e7,39
1104b09c7f1f434a89a30a977b052c53,1
1104b09c7f1f434a89a30a977b052c53,2
1104b09c7f1f434a89a30a977b052c53,3
1104b09c7f1f434a89a30a977b052c53,13
1104b09c7f1f434a89a30a977b052c53,16
1104b09c7f1f434a89a30a977b052c53,17
1104b09c7f1f434a89a30a977b052c53,19
1104b09c7f1f434a89a30a977b052c53,20
1104b09c7f1f434a89a30a977b052c53,21
1104b09c7f1f434a89a30a977b052c53,22
1104b09c7f1f434a89a30a977b052c53,23
1104b09c7f1f434a89a30a977b052c53,24
1104b09c7f1f434a89a30a977b052c53,25
1104b09c7f1f434a89a30a977b052c53,27
1104b09c7f1f434a89a30a977b052c53,28
1104b09c7f1f434a89a30a977b052c53,29
1104b09c7f1f434a89a30a977b052c53,31
1104b09c7f1f434a89a30a977b052c53,32
1104b09c7f1f434a89a30a977b052c53,33
1104b09c7f1f434a89a30a977b052c53,34
1104b09c7f1f434a89a30a977b052c53,35
1104b09c7f1f434a89a30a977b052c53,36
1104b09c7f1f434a89a30a977b052c53,37
1104b09c7f1f434a89a30a977b052c53,38
1104b09c7f1f434a89a30a977b052c53,39
1104b09c7f1f434a89a30a977b052c53,40
1104b09c7f1f434a89a30a977b052c53,41
1104b09c7f1f434a89a30a977b052c53,42
11a0fb6a86ba4fef9dbb904fa851066b,1
18389aef970147c4982d160c7a2d42f9,7
18389aef970147c4982d160c7a2d42f9,8
18389aef970147c4982d160c7a2d42f9,10
18389aef970147c4982d160c7a2d42f9,11
18389aef970147c4982d160c7a2d42f9,4
1d09a099d3964602aca9425adcde89cd,1
1d09a099d3964602aca9425adcde89cd,2
1d09a099d3964602aca9425adcde89cd,3
1d09a099d3964602aca9425adcde89cd,4
1d09a099d3964602aca9425adcde89cd,5
1d09a099d3964602aca9425adcde89cd,6
1d09a099d3964602aca9425adcde89cd,7
1d09a099d3964602aca9425adcde89cd,8
1d09a099d3964602aca9425adcde89cd,9
1d09a099d3964602aca9425adcde89cd,10
1d09a099d3964602aca9425adcde89cd,11
217d8c0c33a74bb28a55efffcb047885,7
217d8c0c33a74bb28a55efffcb047885,8
217d8c0c33a74bb28a55efffcb047885,10
217d8c0c33a74bb28a55efffcb047885,11
217d8c0c33a74bb28a55efffcb047885,4
23ec62734eee41768969b817069b4011,7
23ec62734eee41768969b817069b4011,8
23ec62734eee41768969b817069b4011,10
23ec62734eee41768969b817069b4011,11
23ec62734eee41768969b817069b4011,4
2504d3d1356b4e0b85f10170bdbaeaf1,1
2504d3d1356b4e0b85f10170bdbaeaf1,2
2504d3d1356b4e0b85f10170bdbaeaf1,3
2504d3d1356b4e0b85f10170bdbaeaf1,4
2504d3d1356b4e0b85f10170bdbaeaf1,11
2504d3d1356b4e0b85f10170bdbaeaf1,12
2504d3d1356b4e0b85f10170bdbaeaf1,20
2504d3d1356b4e0b85f10170bdbaeaf1,22
34169c088ee848e4866f42e87b4ccbc2,4
34169c088ee848e4866f42e87b4ccbc2,5
34169c088ee848e4866f42e87b4ccbc2,6
39a2d36769294a0a846cc209c45234e4,4
39a2d36769294a0a846cc209c45234e4,5
39a2d36769294a0a846cc209c45234e4,6
41952d192bb044e5bf2172e3e38612f9,0
41952d192bb044e5bf2172e3e38612f9,2
41952d192bb044e5bf2172e3e38612f9,7
41952d192bb044e5bf2172e3e38612f9,8
41952d192bb044e5bf2172e3e38612f9,10
41952d192bb044e5bf2172e3e38612f9,11
41952d192bb044e5bf2172e3e38612f9,14
41952d192bb044e5bf2172e3e38612f9,15
41952d192bb044e5bf2172e3e38612f9,16
41952d192bb044e5bf2172e3e38612f9,17
41952d192bb044e5bf2172e3e38612f9,18
41952d192bb044e5bf2172e3e38612f9,19
41952d192bb044e5bf2172e3e38612f9,20
41952d192bb044e5bf2172e3e38612f9,23
41952d192bb044e5bf2172e3e38612f9,25
41952d192bb044e5bf2172e3e38612f9,26
41952d192bb044e5bf2172e3e38612f9,28
41952d192bb044e5bf2172e3e38612f9,31
41952d192bb044e5bf2172e3e38612f9,32
41952d192bb044e5bf2172e3e38612f9,33
41952d192bb044e5bf2172e3e38612f9,34
41952d192bb044e5bf2172e3e38612f9,35
41952d192bb044e5bf2172e3e38612f9,36
41952d192bb044e5bf2172e3e38612f9,37
41952d192bb044e5bf2172e3e38612f9,38
41952d192bb044e5bf2172e3e38612f9,39
56adc7a597b74e38905801fd6edc0f5c,1
56adc7a597b74e38905801fd6edc0f5c,2
56adc7a597b74e38905801fd6edc0f5c,3
56adc7a597b74e38905801fd6edc0f5c,4
56adc7a597b74e38905801fd6edc0f5c,11
56adc7a597b74e38905801fd6edc0f5c,12
56adc7a597b74e38905801fd6edc0f5c,20
56adc7a597b74e38905801fd6edc0f5c,22
56e8b332212349f7b1e5c33a5b8fb0a9,0
56e8b332212349f7b1e5c33a5b8fb0a9,6
56e8b332212349f7b1e5c33a5b8fb0a9,4
56e8b332212349f7b1e5c33a5b8fb0a9,5
56e8b332212349f7b1e5c33a5b8fb0a9,8
56e8b332212349f7b1e5c33a5b8fb0a9,9
5a71350927ed44ca979498a5b7719a68,0
5a71350927ed44ca979498a5b7719a68,1
5a71350927ed44ca979498a5b7719a68,2
5a71350927ed44ca979498a5b7719a68,4
5f50cabcafd1482e98d9dc446d735f5e,1
5f50cabcafd1482e98d9dc446d735f5e,2
5f50cabcafd1482e98d9dc446d735f5e,3
5f50cabcafd1482e98d9dc446d735f5e,5
60163f2ce4f14bc3a257ab8ea56c6126,0
60163f2ce4f14bc3a257ab8ea56c6126,2
60163f2ce4f14bc3a257ab8ea56c6126,7
60163f2ce4f14bc3a257ab8ea56c6126,8
60163f2ce4f14bc3a257ab8ea56c6126,10
60163f2ce4f14bc3a257ab8ea56c6126,11
60163f2ce4f14bc3a257ab8ea56c6126,14
60163f2ce4f14bc3a257ab8ea56c6126,15
60163f2ce4f14bc3a257ab8ea56c6126,16
60163f2ce4f14bc3a257ab8ea56c6126,17
60163f2ce4f14bc3a257ab8ea56c6126,18
60163f2ce4f14bc3a257ab8ea56c6126,19
60163f2ce4f14bc3a257ab8ea56c6126,20
60163f2ce4f14bc3a257ab8ea56c6126,23
60163f2ce4f14bc3a257ab8ea56c6126,25
60163f2ce4f14bc3a257ab8ea56c6126,26
60163f2ce4f14bc3a257ab8ea56c6126,28
60163f2ce4f14bc3a257ab8ea56c6126,31
60163f2ce4f14bc3a257ab8ea56c6126,32
60163f2ce4f14bc3a257ab8ea56c6126,33
60163f2ce4f14bc3a257ab8ea56c6126,34
60163f2ce4f14bc3a257ab8ea56c6126,35
60163f2ce4f14bc3a257ab8ea56c6126,36
60163f2ce4f14bc3a257ab8ea56c6126,37
60163f2ce4f14bc3a257ab8ea56c6126,38
60163f2ce4f14bc3a257ab8ea56c6126,39
74fc7b22dac0461a8a522480483bae4a,1
74fc7b22dac0461a8a522480483bae4a,2
74fc7b22dac0461a8a522480483bae4a,3
74fc7b22dac0461a8a522480483bae4a,13
74fc7b22dac0461a8a522480483bae4a,16
74fc7b22dac0461a8a522480483bae4a,17
74fc7b22dac0461a8a522480483bae4a,19
74fc7b22dac0461a8a522480483bae4a,20
74fc7b22dac0461a8a522480483bae4a,21
74fc7b22dac0461a8a522480483bae4a,22
74fc7b22dac0461a8a522480483bae4a,23
74fc7b22dac0461a8a522480483bae4a,24
74fc7b22dac0461a8a522480483bae4a,25
74fc7b22dac0461a8a522480483bae4a,27
74fc7b22dac0461a8a522480483bae4a,28
74fc7b22dac0461a8a522480483bae4a,29
74fc7b22dac0461a8a522480483bae4a,31
74fc7b22dac0461a8a522480483bae4a,32
74fc7b22dac0461a8a522480483bae4a,33
74fc7b22dac0461a8a522480483bae4a,34
74fc7b22dac0461a8a522480483bae4a,35
74fc7b22dac0461a8a522480483bae4a,36
74fc7b22dac0461a8a522480483bae4a,37
74fc7b22dac0461a8a522480483bae4a,38
74fc7b22dac0461a8a522480483bae4a,39
74fc7b22dac0461a8a522480483bae4a,40
74fc7b22dac0461a8a522480483bae4a,41
74fc7b22dac0461a8a522480483bae4a,42
8249f8533f764f6dbd195a872c18fd6d,0
8249f8533f764f6dbd195a872c18fd6d,2
8249f8533f764f6dbd195a872c18fd6d,7
8249f8533f764f6dbd195a872c18fd6d,8
8249f8533f764f6dbd195a872c18fd6d,10
8249f8533f764f6dbd195a872c18fd6d,11
8249f8533f764f6dbd195a872c18fd6d,14
8249f8533f764f6dbd195a872c18fd6d,15
8249f8533f764f6dbd195a872c18fd6d,16
8249f8533f764f6dbd195a872c18fd6d,17
8249f8533f764f6dbd195a872c18fd6d,18
8249f8533f764f6dbd195a872c18fd6d,19
8249f8533f764f6dbd195a872c18fd6d,20
8249f8533f764f6dbd195a872c18fd6d,23
8249f8533f764f6dbd195a872c18fd6d,25
8249f8533f764f6dbd195a872c18fd6d,26
8249f8533f764f6dbd195a872c18fd6d,28
8249f8533f764f6dbd195a872c18fd6d,31
8249f8533f764f6dbd195a872c18fd6d,32
8249f8533f764f6dbd195a872c18fd6d,33
8249f8533f764f6dbd195a872c18fd6d,34
8249f8533f764f6dbd195a872c18fd6d,35
8249f8533f764f6dbd195a872c18fd6d,36
8249f8533f764f6dbd195a872c18fd6d,37
8249f8533f764f6dbd195a872c18fd6d,38
8249f8533f764f6dbd195a872c18fd6d,39
89e72a749d764c1aacd9284e01c412a4,4
89e72a749d764c1aacd9284e01c412a4,5
89e72a749d764c1aacd9284e01c412a4,6
9136f9e37ec94669a82e28df799553bf,4
9136f9e37ec94669a82e28df799553bf,2
9136f9e37ec94669a82e28df799553bf,3
9136f9e37ec94669a82e28df799553bf,5
9136f9e37ec94669a82e28df799553bf,6
9136f9e37ec94669a82e28df799553bf,8
9136f9e37ec94669a82e28df799553bf,10
9136f9e37ec94669a82e28df799553bf,11
9136f9e37ec94669a82e28df799553bf,12
9b73e5e8f3894884bddaf5ca6997d99c,4
9b73e5e8f3894884bddaf5ca6997d99c,2
9b73e5e8f3894884bddaf5ca6997d99c,3
9b73e5e8f3894884bddaf5ca6997d99c,5
9b73e5e8f3894884bddaf5ca6997d99c,6
9b73e5e8f3894884bddaf5ca6997d99c,8
9b73e5e8f3894884bddaf5ca6997d99c,10
9b73e5e8f3894884bddaf5ca6997d99c,11
9b73e5e8f3894884bddaf5ca6997d99c,12
a0d91ffa40534e3b8fd488e6f4a38d1b,7
a0d91ffa40534e3b8fd488e6f4a38d1b,8
a0d91ffa40534e3b8fd488e6f4a38d1b,10
a0d91ffa40534e3b8fd488e6f4a38d1b,11
a0d91ffa40534e3b8fd488e6f4a38d1b,4
a407fa84d55d4072945ac61346150d03,3
a407fa84d55d4072945ac61346150d03,5
a407fa84d55d4072945ac61346150d03,6
a9d3d5c71a1648d3ae693997b0971e83,0
b02af14b8cf34c43bac84325d6f1e912,1
b02af14b8cf34c43bac84325d6f1e912,3
b02af14b8cf34c43bac84325d6f1e912,5
b02af14b8cf34c43bac84325d6f1e912,6
b0edc48006d5454dae3ca3e41f33e280,1
b0edc48006d5454dae3ca3e41f33e280,2
b0edc48006d5454dae3ca3e41f33e280,3
b0edc48006d5454dae3ca3e41f33e280,4
b0edc48006d5454dae3ca3e41f33e280,11
b0edc48006d5454dae3ca3e41f33e280,12
b0edc48006d5454dae3ca3e41f33e280,20
b0edc48006d5454dae3ca3e41f33e280,22
b4f794ef33814848af1a75989a554370,0
b4f794ef33814848af1a75989a554370,2
b4f794ef33814848af1a75989a554370,7
b4f794ef33814848af1a75989a554370,8
b4f794ef33814848af1a75989a554370,10
b4f794ef33814848af1a75989a554370,11
b4f794ef33814848af1a75989a554370,14
b4f794ef33814848af1a75989a554370,15
b4f794ef33814848af1a75989a554370,16
b4f794ef33814848af1a75989a554370,17
b4f794ef33814848af1a75989a554370,18
b4f794ef33814848af1a75989a554370,19
b4f794ef33814848af1a75989a554370,20
b4f794ef33814848af1a75989a554370,23
b4f794ef33814848af1a75989a554370,25
b4f794ef33814848af1a75989a554370,26
b4f794ef33814848af1a75989a554370,28
b4f794ef33814848af1a75989a554370,31
b4f794ef33814848af1a75989a554370,32
b4f794ef33814848af1a75989a554370,33
b4f794ef33814848af1a75989a554370,34
b4f794ef33814848af1a75989a554370,35
b4f794ef33814848af1a75989a554370,36
b4f794ef33814848af1a75989a554370,37
b4f794ef33814848af1a75989a554370,38
b4f794ef33814848af1a75989a554370,39
b785d9ed72b347ae9cb0997df17258d8,1
b785d9ed72b347ae9cb0997df17258d8,2
b785d9ed72b347ae9cb0997df17258d8,3
b785d9ed72b347ae9cb0997df17258d8,5
b9b284ef0bd745749d71bb983ba9ace9,1
b9b284ef0bd745749d71bb983ba9ace9,2
b9b284ef0bd745749d71bb983ba9ace9,3
b9b284ef0bd745749d71bb983ba9ace9,4
b9b284ef0bd745749d71bb983ba9ace9,11
b9b284ef0bd745749d71bb983ba9ace9,12
b9b284ef0bd745749d71bb983ba9ace9,20
b9b284ef0bd745749d71bb983ba9ace9,22
bce62d5597764148ae822175f250a215,4
bce62d5597764148ae822175f250a215,2
bce62d5597764148ae822175f250a215,3
bce62d5597764148ae822175f250a215,5
bce62d5597764148ae822175f250a215,6
bce62d5597764148ae822175f250a215,8
bce62d5597764148ae822175f250a215,10
bce62d5597764148ae822175f250a215,11
bce62d5597764148ae822175f250a215,12
bd00b752eba94953882023490ade0978,1
bd00b752eba94953882023490ade0978,2
bd00b752eba94953882023490ade0978,3
bd00b752eba94953882023490ade0978,4
bd00b752eba94953882023490ade0978,11
bd00b752eba94953882023490ade0978,12
bd00b752eba94953882023490ade0978,20
bd00b752eba94953882023490ade0978,22
c09226e97dd0468b8ecb5893332bfc14,4
c09226e97dd0468b8ecb5893332bfc14,2
c09226e97dd0468b8ecb5893332bfc14,3
c09226e97dd0468b8ecb5893332bfc14,5
c09226e97dd0468b8ecb5893332bfc14,6
c09226e97dd0468b8ecb5893332bfc14,8
c09226e97dd0468b8ecb5893332bfc14,10
c09226e97dd0468b8ecb5893332bfc14,11
c09226e97dd0468b8ecb5893332bfc14,12
c36f7f977dd8442681ace9541e0177c8,4
c36f7f977dd8442681ace9541e0177c8,5
c36f7f977dd8442681ace9541e0177c8,6
c59f306bb061463f8b5ce7174d4e450d,1
c59f306bb061463f8b5ce7174d4e450d,3
c59f306bb061463f8b5ce7174d4e450d,5
c59f306bb061463f8b5ce7174d4e450d,6
c59f306bb061463f8b5ce7174d4e450d,7
cab96661ce0a4ec48bdc0f0a28c39753,1
cab96661ce0a4ec48bdc0f0a28c39753,2
cab96661ce0a4ec48bdc0f0a28c39753,3
cab96661ce0a4ec48bdc0f0a28c39753,13
cab96661ce0a4ec48bdc0f0a28c39753,16
cab96661ce0a4ec48bdc0f0a28c39753,17
cab96661ce0a4ec48bdc0f0a28c39753,19
cab96661ce0a4ec48bdc0f0a28c39753,20
cab96661ce0a4ec48bdc0f0a28c39753,21
cab96661ce0a4ec48bdc0f0a28c39753,22
cab96661ce0a4ec48bdc0f0a28c39753,23
cab96661ce0a4ec48bdc0f0a28c39753,24
cab96661ce0a4ec48bdc0f0a28c39753,25
cab96661ce0a4ec48bdc0f0a28c39753,27
cab96661ce0a4ec48bdc0f0a28c39753,28
cab96661ce0a4ec48bdc0f0a28c39753,29
cab96661ce0a4ec48bdc0f0a28c39753,31
cab96661ce0a4ec48bdc0f0a28c39753,32
cab96661ce0a4ec48bdc0f0a28c39753,33
cab96661ce0a4ec48bdc0f0a28c39753,34
cab96661ce0a4ec48bdc0f0a28c39753,35
cab96661ce0a4ec48bdc0f0a28c39753,36
cab96661ce0a4ec48bdc0f0a28c39753,37
cab96661ce0a4ec48bdc0f0a28c39753,38
cab96661ce0a4ec48bdc0f0a28c39753,39
cab96661ce0a4ec48bdc0f0a28c39753,40
cab96661ce0a4ec48bdc0f0a28c39753,41
cab96661ce0a4ec48bdc0f0a28c39753,42
cb1601379dca4472b6df915185124990,0
cb1601379dca4472b6df915185124990,1
cb1601379dca4472b6df915185124990,2
cb1601379dca4472b6df915185124990,4
cdb29eaf5d6145d6978fd9c9d474a11d,0
cdb29eaf5d6145d6978fd9c9d474a11d,2
cdb29eaf5d6145d6978fd9c9d474a11d,7
cdb29eaf5d6145d6978fd9c9d474a11d,8
cdb29eaf5d6145d6978fd9c9d474a11d,10
cdb29eaf5d6145d6978fd9c9d474a11d,11
cdb29eaf5d6145d6978fd9c9d474a11d,14
cdb29eaf5d6145d6978fd9c9d474a11d,15
cdb29eaf5d6145d6978fd9c9d474a11d,16
cdb29eaf5d6145d6978fd9c9d474a11d,17
cdb29eaf5d6145d6978fd9c9d474a11d,18
cdb29eaf5d6145d6978fd9c9d474a11d,19
cdb29eaf5d6145d6978fd9c9d474a11d,20
cdb29eaf5d6145d6978fd9c9d474a11d,23
cdb29eaf5d6145d6978fd9c9d474a11d,25
cdb29eaf5d6145d6978fd9c9d474a11d,26
cdb29eaf5d6145d6978fd9c9d474a11d,28
cdb29eaf5d6145d6978fd9c9d474a11d,31
cdb29eaf5d6145d6978fd9c9d474a11d,32
cdb29eaf5d6145d6978fd9c9d474a11d,33
cdb29eaf5d6145d6978fd9c9d474a11d,34
cdb29eaf5d6145d6978fd9c9d474a11d,35
cdb29eaf5d6145d6978fd9c9d474a11d,36
cdb29eaf5d6145d6978fd9c9d474a11d,37
cdb29eaf5d6145d6978fd9c9d474a11d,38
cdb29eaf5d6145d6978fd9c9d474a11d,39
d25a9ef3b12244ef9028aaf2df7a753d,0
d25a9ef3b12244ef9028aaf2df7a753d,2
d25a9ef3b12244ef9028aaf2df7a753d,7
d25a9ef3b12244ef9028aaf2df7a753d,8
d25a9ef3b12244ef9028aaf2df7a753d,10
d25a9ef3b12244ef9028aaf2df7a753d,11
d25a9ef3b12244ef9028aaf2df7a753d,14
d25a9ef3b12244ef9028aaf2df7a753d,15
d25a9ef3b12244ef9028aaf2df7a753d,16
d25a9ef3b12244ef9028aaf2df7a753d,17
d25a9ef3b12244ef9028aaf2df7a753d,18
d25a9ef3b12244ef9028aaf2df7a753d,19
d25a9ef3b12244ef9028aaf2df7a753d,20
d25a9ef3b12244ef9028aaf2df7a753d,23
d25a9ef3b12244ef9028aaf2df7a753d,25
d25a9ef3b12244ef9028aaf2df7a753d,26
d25a9ef3b12244ef9028aaf2df7a753d,28
d25a9ef3b12244ef9028aaf2df7a753d,31
d25a9ef3b12244ef9028aaf2df7a753d,32
d25a9ef3b12244ef9028aaf2df7a753d,33
d25a9ef3b12244ef9028aaf2df7a753d,34
d25a9ef3b12244ef9028aaf2df7a753d,35
d25a9ef3b12244ef9028aaf2df7a753d,36
d25a9ef3b12244ef9028aaf2df7a753d,37
d25a9ef3b12244ef9028aaf2df7a753d,38
d25a9ef3b12244ef9028aaf2df7a753d,39
d45abd04bf62409b9531c36a747f3cba,1
d45abd04bf62409b9531c36a747f3cba,2
d45abd04bf62409b9531c36a747f3cba,3
d45abd04bf62409b9531c36a747f3cba,13
d45abd04bf62409b9531c36a747f3cba,16
d45abd04bf62409b9531c36a747f3cba,17
d45abd04bf62409b9531c36a747f3cba,19
d45abd04bf62409b9531c36a747f3cba,20
d45abd04bf62409b9531c36a747f3cba,21
d45abd04bf62409b9531c36a747f3cba,22
d45abd04bf62409b9531c36a747f3cba,23
d45abd04bf62409b9531c36a747f3cba,24
d45abd04bf62409b9531c36a747f3cba,25
d45abd04bf62409b9531c36a747f3cba,27
d45abd04bf62409b9531c36a747f3cba,28
d45abd04bf62409b9531c36a747f3cba,29
d45abd04bf62409b9531c36a747f3cba,31
d45abd04bf62409b9531c36a747f3cba,32
d45abd04bf62409b9531c36a747f3cba,33
d45abd04bf62409b9531c36a747f3cba,34
d45abd04bf62409b9531c36a747f3cba,35
d45abd04bf62409b9531c36a747f3cba,36
d45abd04bf62409b9531c36a747f3cba,37
d45abd04bf62409b9531c36a747f3cba,38
d45abd04bf62409b9531c36a747f3cba,39
d45abd04bf62409b9531c36a747f3cba,40
d45abd04bf62409b9531c36a747f3cba,41
d45abd04bf62409b9531c36a747f3cba,42
d4c54ecd718449e19a14216c55803455,0
d4c54ecd718449e19a14216c55803455,5
d4c54ecd718449e19a14216c55803455,6
d4c54ecd718449e19a14216c55803455,9
d4c54ecd718449e19a14216c55803455,20
d5542ea1fddf44c39d2bb70dc436ddf8,0
d5542ea1fddf44c39d2bb70dc436ddf8,1
d55f605fbcfe42eaa90dba52e3763f07,0
d55f605fbcfe42eaa90dba52e3763f07,2
d55f605fbcfe42eaa90dba52e3763f07,7
d55f605fbcfe42eaa90dba52e3763f07,8
d55f605fbcfe42eaa90dba52e3763f07,10
d55f605fbcfe42eaa90dba52e3763f07,11
d55f605fbcfe42eaa90dba52e3763f07,14
d55f605fbcfe42eaa90dba52e3763f07,15
d55f605fbcfe42eaa90dba52e3763f07,16
d55f605fbcfe42eaa90dba52e3763f07,17
d55f605fbcfe42eaa90dba52e3763f07,18
d55f605fbcfe42eaa90dba52e3763f07,19
d55f605fbcfe42eaa90dba52e3763f07,20
d55f605fbcfe42eaa90dba52e3763f07,23
d55f605fbcfe42eaa90dba52e3763f07,25
d55f605fbcfe42eaa90dba52e3763f07,26
d55f605fbcfe42eaa90dba52e3763f07,28
d55f605fbcfe42eaa90dba52e3763f07,31
d55f605fbcfe42eaa90dba52e3763f07,32
d55f605fbcfe42eaa90dba52e3763f07,33
d55f605fbcfe42eaa90dba52e3763f07,34
d55f605fbcfe42eaa90dba52e3763f07,35
d55f605fbcfe42eaa90dba52e3763f07,36
d55f605fbcfe42eaa90dba52e3763f07,37
d55f605fbcfe42eaa90dba52e3763f07,38
d55f605fbcfe42eaa90dba52e3763f07,39
dffeec8c3593402bafa69b50f5920fa5,1
dffeec8c3593402bafa69b50f5920fa5,2
dffeec8c3593402bafa69b50f5920fa5,3
dffeec8c3593402bafa69b50f5920fa5,4
dffeec8c3593402bafa69b50f5920fa5,11
dffeec8c3593402bafa69b50f5920fa5,12
dffeec8c3593402bafa69b50f5920fa5,20
dffeec8c3593402bafa69b50f5920fa5,22
e749786aff714981a5a7da3da0789128,1
f99ab21885664e20bd25d1cf848f4c5e,1
f99ab21885664e20bd25d1cf848f4c5e,2
f99ab21885664e20bd25d1cf848f4c5e,3
f99ab21885664e20bd25d1cf848f4c5e,5
