species,spec_fam,family,fix_int,rand_family,rand_spec_in_fam,rand_spec_stem_break,mixed_m_res
Adinandra millettii,Adinandra millettii:Theaceae,Theaceae,-786.9786256,238.1868661,-122.9674161,-671.7591756,-30.03254103
Albizia kalkora,Albizia kalkora:Fabaceae,Fabaceae,-786.9786256,-235.9415311,-124.2332212,-1147.153378,-32.31838976
Alniphyllum fortunei,Alniphyllum fortunei:Styracaeae,Styracaeae,-786.9786256,-103.367196,-214.0847381,-1104.43056,-29.10509068
Camellia chekiangoleosa,Camellia chekiangoleosa:Theaceae,Theaceae,-786.9786256,238.1868661,178.692094,-370.0996655,97.27084455
Camellia fraterna,Camellia fraterna:Theaceae,Theaceae,-786.9786256,238.1868661,365.8859042,-182.9058554,217.5429862
Castanea henryi,Castanea henryi:Fagaceae,Fagaceae,-786.9786256,-77.10777478,-410.1295586,-1274.215959,-103.199347
Castanopsis carlesii,Castanopsis carlesii:Fagaceae,Fagaceae,-786.9786256,-77.10777478,-29.08339656,-893.169797,-6.729955417
Castanopsis eyrei,Castanopsis eyrei:Fagaceae,Fagaceae,-786.9786256,-77.10777478,-9.494293107,-873.5806935,-0.071830465
Castanopsis fargesii,Castanopsis fargesii:Fagaceae,Fagaceae,-786.9786256,-77.10777478,-297.529523,-1161.615923,-36.00110051
Castanopsis sclerophylla,Castanopsis sclerophylla:Fagaceae,Fagaceae,-786.9786256,-77.10777478,121.0448288,-743.0415717,30.54881416
Castanopsis tibetana,Castanopsis tibetana:Fagaceae,Fagaceae,-786.9786256,-77.10777478,-47.02997871,-911.1163791,-61.5083801
Cinnamomum subavenium,Cinnamomum subavenium:Lauraceae,Lauraceae,-786.9786256,63.12557198,251.9887172,-471.8643364,274.8927318
Cleyera japonica,Cleyera japonica:Theaceae,Theaceae,-786.9786256,238.1868661,158.8972733,-389.8944862,346.5357296
Corylopsis glandulifera,Corylopsis glandulifera:Hamamelidaceae,Hamamelidaceae,-786.9786256,109.2303709,254.7148614,-423.0333933,92.54227794
Cunninghamia lanceolata,Cunninghamia lanceolata:Taxodiaceae,Taxodiaceae,-786.9786256,-205.9394963,-259.9469689,-1252.865091,-70.72121107
Cyclobalanopsis glauca,Cyclobalanopsis glauca:Fagaceae,Fagaceae,-786.9786256,-77.10777478,274.780524,-589.3058765,29.56044485
Cyclobalanopsis myrsinifolia,Cyclobalanopsis myrsinaefolia:Fagaceae,Fagaceae,-786.9786256,-77.10777478,-64.70200879,-928.7884092,-8.754633182
Cyclobalanopsis stewardiana,Cyclobalanopsis stewardiana:Fagaceae,Fagaceae,-786.9786256,-77.10777478,92.48033087,-771.6060695,14.83698709
Dalbergia hupeana,Dalbergia hupeana:Fabaceae,Fabaceae,-786.9786256,-235.9415311,-173.5837927,-1196.50395,-227.0666062
Daphniphyllum oldhamii,Daphniphyllum oldhamii:Daphniphyllaceae,Daphniphyllaceae,-786.9786256,-145.2845733,-183.3853396,-1115.648539,-12.77734772
Diospyros japonica,Diospyros glaucifolia:Ebenaceae,Ebenaceae,-786.9786256,-227.0290968,-252.0514923,-1266.059215,-549.8308621
Diospyros japonica,Diospyros japonica:Ebenaceae,Ebenaceae,-786.9786256,-227.0290968,-34.51580829,-1048.523531,-44.98675978
Elaeocarpus chinensis,Elaeocarpus chinensis:Elaeocarpaceae,Elaeocarpaceae,-786.9786256,-218.0537453,-190.686265,-1195.718636,-623.9870101
Elaeocarpus decipiens,Elaeocarpus decipiens:Elaeocarpaceae,Elaeocarpaceae,-786.9786256,-218.0537453,-84.55190523,-1089.584276,-50.12345825
Eurya muricata,Eurya muricata:Theaceae,Theaceae,-786.9786256,238.1868661,210.8277454,-337.9640141,15.11942493
Eurya rubiginosa,Eurya rubiginosa:Theaceae,Theaceae,-786.9786256,238.1868661,16.65591745,-532.1358421,54.30437242
Fraxinus insularis,Fraxinus insularis:Oleaceae,Oleaceae,-786.9786256,-178.03234,-213.8745351,-1178.885501,-349.8825914
Hydrangea chinensis,Hydrangea chinensis:Saxifragaceae,Saxifragaceae,-786.9786256,169.0011769,-69.94088957,-687.9183383,-458.0373077
Ilex buergeri,Ilex buergeri:Aquifoliaceae,Aquifoliaceae,-786.9786256,131.6553805,86.47176457,-568.8514806,113.1017029
Ilex chinensis,Ilex chinensis:Aquifoliaceae,Aquifoliaceae,-786.9786256,131.6553805,-228.9408443,-884.2640894,-166.6543833
Ilex ficoidea,Ilex ficoidea:Aquifoliaceae,Aquifoliaceae,-786.9786256,131.6553805,29.77942196,-625.5438232,194.838006
Ilex litseifolia,Ilex litseifolia:Aquifoliaceae,Aquifoliaceae,-786.9786256,131.6553805,243.072685,-412.2505601,132.4911632
Ilex micrococca,Ilex micrococca:Aquifoliaceae,Aquifoliaceae,-786.9786256,131.6553805,-65.17982047,-720.5030656,-142.3577566
Ilex pubescens,Ilex pubescens:Aquifoliaceae,Aquifoliaceae,-786.9786256,131.6553805,139.0084919,-516.3147532,909.9305965
Ilex purpurea,Ilex purpurea:Aquifoliaceae,Aquifoliaceae,-786.9786256,131.6553805,45.71351054,-609.6097346,299.1540886
Ilex suaveolens,Ilex suaveolens:Aquifoliaceae,Aquifoliaceae,-786.9786256,131.6553805,-69.81162459,-725.1348697,-228.6383794
Ilex wilsonii,Ilex wilsonii:Aquifoliaceae,Aquifoliaceae,-786.9786256,131.6553805,-13.93168313,-669.2549283,-91.3265414
Itea chinensis,Itea chinensis:Saxifragaceae,Saxifragaceae,-786.9786256,169.0011769,283.2624935,-334.7149552,308.9199713
Lindera glauca,Lindera glauca:Lauraceae,Lauraceae,-786.9786256,63.12557198,-26.33391367,-750.1869673,-19.21302374
Liquidambar formosana,Liquidambar formosana:Hamamelidaceae,Hamamelidaceae,-786.9786256,109.2303709,-406.4917353,-1084.23999,-295.7869697
Lithocarpus glaber,Lithocarpus glaber:Fagaceae,Fagaceae,-786.9786256,-77.10777478,125.240178,-738.8462224,4.050239094
Litsea coreana,Litsea coreana:Lauraceae,Lauraceae,-786.9786256,63.12557198,70.76956053,-653.0834931,154.3788921
Litsea elongata,Litsea elongata:Lauraceae,Lauraceae,-786.9786256,63.12557198,27.96766122,-695.8853924,183.0391915
Loropetalum chinense,Loropetalum chinense:Hamamelidaceae,Hamamelidaceae,-786.9786256,109.2303709,289.6528245,-388.0954302,65.28959295
Lyonia ovalifolia,Lyonia ovalifolia:Ericaceae,Ericaceae,-786.9786256,322.4386838,-12.09539989,-476.6353417,-39.88567167
Machilus leptophylla,Machilus leptophylla:Lauraceae,Lauraceae,-786.9786256,63.12557198,-92.48973881,-816.3427925,-605.5621786
Machilus thunbergii,Machilus thunbergii:Lauraceae,Lauraceae,-786.9786256,63.12557198,-279.2537156,-1003.106769,-53.82787299
Malus hupehensis,Malus hupehensis:Rosaceae,Rosaceae,-786.9786256,-39.1387485,41.42781423,-784.6895599,135.6438072
Malus leiocalyca,Malus leiocalyca:Rosaceae,Rosaceae,-786.9786256,-39.1387485,-145.6501553,-971.7675294,-953.4958183
Meliosma flexuosa,Meliosma flexuosa:Sabiaceae,Sabiaceae,-786.9786256,-200.5966757,-144.2586135,-1131.833915,-188.7019576
Meliosma oldhamii,Meliosma oldhamii:Sabiaceae,Sabiaceae,-786.9786256,-200.5966757,-108.9443843,-1096.519686,-71.14057093
Myrica rubra,Myrica rubra:Myricaceae,Myricaceae,-786.9786256,-181.2688013,-228.8064034,-1197.05383,-27.57474289
Neolitsea aurata,Neolitsea aurata:Lauraceae,Lauraceae,-786.9786256,63.12557198,85.55487982,-638.2981738,279.9947274
Osmanthus cooperi,Osmanthus cooperi:Oleaceae,Oleaceae,-786.9786256,-178.03234,-10.84664744,-975.8576131,-70.84820411
Photinia beauverdiana,Photinia beauverdiana:Rosaceae,Rosaceae,-786.9786256,-39.1387485,-159.708191,-985.8255651,-522.7471645
Photinia glabra,Photinia glabra:Rosaceae,Rosaceae,-786.9786256,-39.1387485,66.31094719,-759.8064269,217.095311
Photinia parvifolia,Photinia parvifolia:Rosaceae,Rosaceae,-786.9786256,-39.1387485,106.2957885,-719.8215856,695.9247771
Pinus,Pinus:Pinaceae,Pinaceae,-786.9786256,164.2569658,535.2467984,-87.47486141,233.4582579
Pinus massoniana,Pinus massoniana:Pinaceae,Pinaceae,-786.9786256,164.2569658,-212.6000967,-835.3217565,-4.471751347
Pinus taiwanensis,Pinus taiwanensis:Pinaceae,Pinaceae,-786.9786256,164.2569658,-115.3134746,-738.0351345,-12.73137675
Platycarya strobilacea,Platycarya strobilacea:Juglandaceae,Juglandaceae,-786.9786256,99.84299229,126.0267393,-561.1088941,39.19793856
Prunus schneideriana,Prunus schneideriana:Rosaceae,Rosaceae,-786.9786256,-39.1387485,8.411056936,-817.7063172,13.80178864
Quercus fabri,Quercus fabri:Fagaceae,Fagaceae,-786.9786256,-77.10777478,100.711451,-763.3749494,329.7351239
Quercus phillyreoides,Quercus phillyreoides:Fagaceae,Fagaceae,-786.9786256,-77.10777478,76.34739912,-787.7390013,50.05261557
Quercus serrata,Quercus serrata:Fagaceae,Fagaceae,-786.9786256,-77.10777478,-29.96518167,-894.0515821,-1.450647573
Rhododendron latoucheae,Rhododendron latoucheae:Ericaceae,Ericaceae,-786.9786256,322.4386838,7.447537981,-457.0924038,1.18443578
Rhododendron ovatum,Rhododendron ovatum:Ericaceae,Ericaceae,-786.9786256,322.4386838,22.03606563,-442.5038762,4.215202982
Rhus chinensis,Rhus chinensis:Anacardiaceae,Anacardiaceae,-786.9786256,127.7812639,153.2683118,-505.9290499,1003.289224
Rhus hypoleuca,Rhus hypoleuca:Anacardiaceae,Anacardiaceae,-786.9786256,127.7812639,365.1475664,-294.0497953,199.0938987
Sassafras tzumu,Sassafras tzumu:Lauraceae,Lauraceae,-786.9786256,63.12557198,41.47675342,-682.3763002,271.4794917
Schima superba,Schima superba:Theaceae,Theaceae,-786.9786256,238.1868661,-361.5601202,-910.3518798,-6.545445017
Sorbus dunnii,Sorbus dunnii:Rosaceae,Rosaceae,-786.9786256,-39.1387485,-85.85759958,-911.9749737,-562.0504496
Sorbus folgneri,Sorbus folgneri:Rosaceae,Rosaceae,-786.9786256,-39.1387485,119.3674842,-706.7498899,195.4020692
Styrax dasyanthus,Styrax dasyanthus:Styracaeae,Styracaeae,-786.9786256,-103.367196,-124.1060764,-1014.451898,-812.3943029
Styrax odoratissimus,Styrax odoratissimus:Styracaeae,Styracaeae,-786.9786256,-103.367196,190.1201772,-700.2256444,207.5380046
Styrax suberifolius,Styrax suberifolius:Styracaeae,Styracaeae,-786.9786256,-103.367196,17.59547471,-872.7503469,115.2866645
Symplocos anomala,Symplocos anomala:Symplocaceae,Symplocaceae,-786.9786256,264.1576917,76.92524778,-445.8956861,83.69464991
Symplocos paniculata,Symplocos paniculata:Symplocaceae,Symplocaceae,-786.9786256,264.1576917,-3.72066228,-526.5415962,-24.5982293
Symplocos setchuensis,Symplocos setchuensis:Symplocaceae,Symplocaceae,-786.9786256,264.1576917,57.43943136,-465.3815025,375.8000329
Symplocos stellaris,Symplocos stellaris:Symplocaceae,Symplocaceae,-786.9786256,264.1576917,143.1334716,-379.6874623,116.8918398
Symplocos sumuntia,Symplocos sumuntia:Symplocaceae,Symplocaceae,-786.9786256,264.1576917,59.65535227,-463.1655816,48.57831225
Syzygium buxifolium,Syzygium buxifolium:Myrtaceae,Myrtaceae,-786.9786256,122.0830152,154.0991909,-510.7964195,62.9418508
Ternstroemia gymnanthera,Ternstroemia gymnanthera:Theaceae,Theaceae,-786.9786256,238.1868661,-145.7802118,-694.5719714,-119.5143303
Toxicodendron succedaneum,Toxicodendron succedaneum:Anacardiaceae,Anacardiaceae,-786.9786256,127.7812639,-357.1240773,-1016.321439,-111.4491255
Vaccinium bracteatum,Vaccinium bracteatum:Ericaceae,Ericaceae,-786.9786256,322.4386838,127.5306767,-337.0092651,138.8583119
Vaccinium carlesii,Vaccinium carlesii:Ericaceae,Ericaceae,-786.9786256,322.4386838,161.9091436,-302.6307982,88.03816005
Vaccinium mandarinorum,Vaccinium mandarinorum:Ericaceae,Ericaceae,-786.9786256,322.4386838,100.1699536,-364.3699882,163.6532152
