bird_conservation_area_name,designated,picture_url,gewidth,gmwidth,gmheight,url,point_x,point_y,location
Buckhorn Island,8/31/1998,,0,0,0,http://www.dec.ny.gov/animals/27685.html,-78.98808169,43.0618647,POINT(-78.9880816874 43.0618647012)
Braddock Bay,5/5/2000,http://www.dec.ny.gov/images/environmentdec_images/BB17.jpg,250,175,117,http://www.dec.ny.gov/animals/27691.html,-77.6942944,43.27405953,POINT(-77.6942944027 43.274059525)
Montezuma Wetlands Complex,5/5/2000,http://www.dec.ny.gov/images/environmentdec_images/montezuma41006.jpg,250,175,115,http://www.dec.ny.gov/animals/27124.html,-76.74296662,43.08111765,POINT(-76.7429666225 43.0811176528)
Eastern Lake Ontario Marshes,8/31/1998,http://www.dec.ny.gov/images/regions_images/blackpd3.jpg,300,160,120,http://www.dec.ny.gov/animals/27256.html,-76.19430131,43.72909974,POINT(-76.1943013089 43.7290997409)
Joseph Davis,3/14/2005,,0,0,0,http://www.dec.ny.gov/animals/27159.html,-79.04053956,43.21346543,POINT(-79.0405395637 43.2134654291)
Minnewaska,9/25/2006,,0,0,0,http://www.dec.ny.gov/animals/32008.html,-74.27673027,41.71414476,POINT(-74.2767302695 41.7141447628)
Caumsett,9/25/2006,,0,0,0,http://www.dec.ny.gov/animals/31830.html,-73.46813429,40.92732207,POINT(-73.4681342882 40.9273220738)
Valcour Island,9/25/2006,,0,0,0,http://www.dec.ny.gov/animals/32055.html,-73.41655685,44.62136628,POINT(-73.4165568527 44.6213662824)
Point Peninsula,9/25/2006,http://www.dec.ny.gov/images/regions_images/ppfield.jpg,300,160,120,http://www.dec.ny.gov/animals/32025.html,-76.25348138,43.99920407,POINT(-76.253481376 43.9992040708)
Lake Shore Marshes,9/25/2006,,0,0,0,http://www.dec.ny.gov/animals/32004.html,-76.84905634,43.28887926,POINT(-76.8490563365 43.2888792622)
Three Rivers,9/25/2006,,0,0,0,http://www.dec.ny.gov/animals/32035.html,-76.32904331,43.20167673,POINT(-76.3290433111 43.2016767278)
Three Mile Bay,9/25/2006,,0,0,0,http://www.dec.ny.gov/animals/32033.html,-76.06872564,43.26091444,POINT(-76.0687256415 43.2609144437)
Carlton Hill,9/25/2006,,0,0,0,http://www.dec.ny.gov/animals/31821.html,-78.15279531,42.8448545,POINT(-78.152795305 42.8448544998)
Bear Swamp,9/25/2006,,0,0,0,http://www.dec.ny.gov/animals/31803.html,-76.29928363,42.75164524,POINT(-76.2992836292 42.7516452379)
Peconic River Headwaters,9/25/2006,,0,0,0,http://www.dec.ny.gov/animals/32019.html,-72.75778574,40.90741796,POINT(-72.757785744 40.9074179575)
Crown Point,9/25/2006,,0,0,0,http://www.dec.ny.gov/animals/32000.html,-73.43125818,44.02002067,POINT(-73.431258181 44.0200206688)
Keeney Swamp,9/25/2006,http://www.dec.ny.gov/images/regions_images/keeney1.jpg,350,181,120,http://www.dec.ny.gov/animals/32002.html,-77.88701312,42.42462331,POINT(-77.8870131217 42.4246233138)
Tivoli Bay,9/25/2006,http://www.dec.ny.gov/images/environmentdec_images/TivoliNLaunch.jpg,300,160,120,http://www.dec.ny.gov/animals/32051.html,-73.916889,42.03785716,POINT(-73.9168889995 42.0378571644)
Black Creek Marsh,9/25/2006,,0,0,0,http://www.dec.ny.gov/animals/31815.html,-73.96302309,42.66624094,POINT(-73.9630230899 42.6662409369)
Catskill High Peaks,6/10/1999,,0,0,0,http://www.dec.ny.gov/animals/27654.html,-74.36847127,42.05175925,POINT(-74.3684712747 42.0517592475)
Bashakill,6/16/2000,,0,0,0,http://www.dec.ny.gov/animals/27702.html,-74.50683426,41.54514019,POINT(-74.5068342639 41.5451401943)
Mongaup Valley,6/16/2000,,0,0,0,http://www.dec.ny.gov/animals/27134.html,-74.7921181,41.54594602,POINT(-74.7921181034 41.5459460218)
Fahnestock,9/29/2000,,0,0,0,http://www.dec.ny.gov/animals/27252.html,-73.85536877,41.45408064,POINT(-73.8553687652 41.4540806376)
Constitution Marsh,5/18/2001,,0,0,0,http://www.dec.ny.gov/animals/27458.html,-73.94374442,41.40538253,POINT(-73.9437444181 41.4053825331)
Iona Island/Doodletown,8/31/1998,http://www.dec.ny.gov/images/environmentdec_images/ionaasmall.JPG,250,180,120,http://www.dec.ny.gov/animals/30779.html,-73.99106655,41.29620345,POINT(-73.9910665534 41.2962034472)
David A. Sarnoff Pine Barrens Preserve,8/31/1998,http://www.dec.ny.gov/images/wildlife_images/pinebarrens10207.jpg,200,112,120,http://www.dec.ny.gov/animals/27036.html,-72.65395544,40.89093084,POINT(-72.6539554413 40.8909308368)
Adirondack Sub-alpine Forest,11/16/2001,,0,0,0,http://www.dec.ny.gov/animals/7404.html,-74.16941719,44.04909737,POINT(-74.1694171938 44.0490973692)
Perch River,11/16/2001,http://www.dec.ny.gov/images/regions_images/prwetland.jpg,275,160,120,http://www.dec.ny.gov/animals/27073.html,-75.94778859,44.10923,POINT(-75.9477885874 44.109229997)
Harbor Herons,11/16/2001,,0,0,0,http://www.dec.ny.gov/animals/27238.html,-74.17620882,40.62935338,POINT(-74.176208817 40.6293533817)
Sterling Forest,10/26/2001,http://www.dec.ny.gov/images/lands_forests_images/sterlfrst61.jpg,350,181,120,http://www.dec.ny.gov/animals/27021.html,-74.25714492,41.21508379,POINT(-74.2571449223 41.2150837919)
Lake Champlain Marshes,3/9/2002,,0,0,0,http://www.dec.ny.gov/animals/27650.html,-73.42632396,44.53283525,POINT(-73.4263239574 44.5328352508)
High Tor,3/12/2002,,0,0,0,http://www.dec.ny.gov/animals/27226.html,-77.35603583,42.62243323,POINT(-77.3560358296 42.6224332274)
Schodack Island,6/19/2002,,0,0,0,http://www.dec.ny.gov/animals/27032.html,-73.77888179,42.47748471,POINT(-73.7788817898 42.4774847056)
Carter's Pond,10/22/2002,,0,0,0,http://www.dec.ny.gov/animals/27658.html,-73.42037712,43.17290546,POINT(-73.4203771164 43.1729054599)
Upper and Lower Lakes,10/22/2002,http://www.dec.ny.gov/images/regions_images/upllakes.jpg,300,160,120,http://www.dec.ny.gov/animals/27009.html,-75.26349589,44.5768061,POINT(-75.2634958879 44.5768061035)
Pharsalia,10/22/2002,,0,0,0,http://www.dec.ny.gov/animals/27042.html,-75.71347109,42.62908798,POINT(-75.7134710874 42.6290879758)
Oak Orchard/Tonawanda,10/22/2002,,0,0,0,http://www.dec.ny.gov/animals/27107.html,-78.43546297,43.10671235,POINT(-78.4354629721 43.106712347)
Ashland,5/6/2003,http://www.dec.ny.gov/images/regions_images/ashfield.jpg,300,160,120,http://www.dec.ny.gov/animals/27725.html,-76.19942508,44.11300268,POINT(-76.1994250785 44.1130026784)
Long Pond,5/6/2003,http://www.dec.ny.gov/images/lands_forests_images/longpond.jpg,300,150,120,http://www.dec.ny.gov/animals/27140.html,-75.82947877,42.41699899,POINT(-75.8294787733 42.4169989948)
Helderberg,2/6/2004,http://www.dec.ny.gov/images/permits_ej_operations_images/thacher1.jpg,350,160,120,http://www.dec.ny.gov/animals/27233.html,-74.18214151,42.57174727,POINT(-74.1821415143 42.5717472707)
South Shore Tidal Wetlands,2/6/2004,,0,0,0,http://www.dec.ny.gov/animals/27026.html,-73.13318998,40.72034131,POINT(-73.1331899789 40.7203413084)
John Boyd Thacher/Thompson's Lake,4/26/2004,,0,0,0,http://www.dec.ny.gov/animals/27016.html,-74.01011185,42.64639043,POINT(-74.0101118514 42.6463904279)
Clay Pit Ponds,3/14/2005,,0,0,0,http://www.dec.ny.gov/animals/27467.html,-74.22930946,40.54101902,POINT(-74.2293094598 40.5410190236)
Lake Ontario Islands,8/18/2005,,0,0,0,http://www.dec.ny.gov/animals/27149.html,-76.39585902,43.884899,POINT(-76.3958590186 43.8848989988)
Letchworth,9/25/2006,http://www.dec.ny.gov/images/administration_images/0807letchworth.jpg,350,180,120,http://www.dec.ny.gov/animals/32006.html,-77.97487637,42.64684734,POINT(-77.9748763677 42.6468473395)
Selkirk Shores,9/25/2006,,0,0,0,http://www.dec.ny.gov/animals/32027.html,-76.20033216,43.55585224,POINT(-76.200332155 43.5558522447)
Vischer Ferry,11/27/2006,,0,0,0,http://www.dec.ny.gov/animals/27006.html,-73.79689258,42.78967157,POINT(-73.7968925814 42.7896715701)
Moreau Lake,12/19/2006,http://www.dec.ny.gov/images/lands_forests_images/moreaupk.jpg,225,0,0,http://www.dec.ny.gov/animals/32013.html,-73.74009763,43.23670155,POINT(-73.7400976339 43.2367015515)
Napeague,5/14/2008,,0,0,0,http://www.dec.ny.gov/animals/45834.html,-72.07268353,40.99272214,POINT(-72.0726835337 40.9927221441)
Nissequogue River,4/28/2000,,0,0,0,http://www.dec.ny.gov/animals/27112.html,-73.22710932,40.9001362,POINT(-73.227109319 40.9001361957)
Albany Pine Bush,9/18/2008,http://www.dec.ny.gov/images/lands_forests_images/albanypinebush(1).jpg,175,0,0,http://www.dec.ny.gov/animals/48628.html,-73.88628273,42.71791823,POINT(-73.8862827294 42.7179182268)
Catharine Creek,10/3/2008,,0,0,0,http://www.dec.ny.gov/animals/48724.html,-76.85001465,42.36288905,POINT(-76.8500146476 42.3628890488)
