objectid,hab_code,hab_type,mega_id,mega,ind_id,ind,sed_id,sed,mes_mac_id,mes_mac,mod_id,mod,hab_desc,shape_leng,shape_area
1,Sh(b)/p_c,Boulder or Pinnacle,S,Continental Shelf,h,hard,b,boulder,p,pinnacle,c,consolidated,Boulder or pinnacle of hard sedimentary rock on continental shelf,53.7411274857,178.232602574
2,Sh(b)/p_c,Boulder or Pinnacle,S,Continental Shelf,h,hard,b,boulder,p,pinnacle,c,consolidated,Boulder or pinnacle of hard sedimentary rock on continental shelf,73.9971527238,306.362932562
3,Sh(b)/p_c,Boulder or Pinnacle,S,Continental Shelf,h,hard,b,boulder,p,pinnacle,c,consolidated,Boulder or pinnacle of hard sedimentary rock on continental shelf,109.951159067,498.712948613
4,Sh(b)/p_c,Boulder or Pinnacle,S,Continental Shelf,h,hard,b,boulder,p,pinnacle,c,consolidated,Boulder or pinnacle of hard sedimentary rock on continental shelf,65.0030963843,276.657955351
5,Sh(b)/p_c,Boulder or Pinnacle,S,Continental Shelf,h,hard,b,boulder,p,pinnacle,c,consolidated,Boulder or pinnacle of hard sedimentary rock on continental shelf,54.7184871605,183.832253055
6,Sh(b)/p_c,Boulder or Pinnacle,S,Continental Shelf,h,hard,b,boulder,p,pinnacle,c,consolidated,Boulder or pinnacle of hard sedimentary rock on continental shelf,99.9537674876,434.811110484
7,Sh(b)/p_c,Boulder or Pinnacle,S,Continental Shelf,h,hard,b,boulder,p,pinnacle,c,consolidated,Boulder or pinnacle of hard sedimentary rock on continental shelf,67.8369354858,255.269433150
8,Sh(b)/p_c,Boulder or Pinnacle,S,Continental Shelf,h,hard,b,boulder,p,pinnacle,c,consolidated,Boulder or pinnacle of hard sedimentary rock on continental shelf,45.9530247410,152.325629469
9,Sh(b)/p_c,Boulder or Pinnacle,S,Continental Shelf,h,hard,b,boulder,p,pinnacle,c,consolidated,Boulder or pinnacle of hard sedimentary rock on continental shelf,43.2521018603,138.188752926
10,Sh(b)/p_c,Boulder or Pinnacle,S,Continental Shelf,h,hard,b,boulder,p,pinnacle,c,consolidated,Boulder or pinnacle of hard sedimentary rock on continental shelf,36.9557036531,103.226107998
11,Sh(b)/p_c,Boulder or Pinnacle,S,Continental Shelf,h,hard,b,boulder,p,pinnacle,c,consolidated,Boulder or pinnacle of hard sedimentary rock on continental shelf,43.4506469466,130.295723232
12,Ss(s/m)_r/u,Unconsolidated sediment (sand/mud),S,Continental Shelf,s,soft,s/m,fine sand/mud,,,r/u,rippled/unconsolidated,"Soft unconsolidated sediment (sand/mud), predominantly rippled",48952.4692968,63918336.4553
13,Sh_a-p,Pipeline,S,Continental Shelf,h,hard,,,,,a-p,anthropogenic (pipeline),Hard anthropogenic feature (pipeline),6969.78718188,41427.4772663
14,Ss(s/g)h_a-p/s,Scoured coarse sediment adjacent to pipeline,S,Continental Shelf,s,soft,s/g,sand/gravel,h,hole/depression,a-p/s,pipeline/scour,Scoured coarse sediment adjacent to pipeline,55.3838388286,127.734688794
15,Ss(s/g)h_a-p/s,Scoured coarse sediment adjacent to pipeline,S,Continental Shelf,s,soft,s/g,sand/gravel,h,hole/depression,a-p/s,pipeline/scour,Scoured coarse sediment adjacent to pipeline,148.466811536,704.440451155
16,Ss(s/g)h_a-p/s,Scoured coarse sediment adjacent to pipeline,S,Continental Shelf,s,soft,s/g,sand/gravel,h,hole/depression,a-p/s,pipeline/scour,Scoured coarse sediment adjacent to pipeline,156.609234628,890.200467051
17,Ss(s/g)h_a-p/s,Scoured coarse sediment adjacent to pipeline,S,Continental Shelf,s,soft,s/g,sand/gravel,h,hole/depression,a-p/s,pipeline/scour,Scoured coarse sediment adjacent to pipeline,146.486020496,1248.17363973
18,Ss(s/g)h_a-p/s,Scoured coarse sediment adjacent to pipeline,S,Continental Shelf,s,soft,s/g,sand/gravel,h,hole/depression,a-p/s,pipeline/scour,Scoured coarse sediment adjacent to pipeline,180.944296961,1458.81297431
19,Ss(s/g)h_a-p/s,Scoured coarse sediment adjacent to pipeline,S,Continental Shelf,s,soft,s/g,sand/gravel,h,hole/depression,a-p/s,pipeline/scour,Scoured coarse sediment adjacent to pipeline,335.175953898,1473.17216876
20,Ss(s/g)h_a-p/s,Scoured coarse sediment adjacent to pipeline,S,Continental Shelf,s,soft,s/g,sand/gravel,h,hole/depression,a-p/s,pipeline/scour,Scoured coarse sediment adjacent to pipeline,242.349262098,2181.55109343
21,Ss(s/g)h_a-p/s,Scoured coarse sediment adjacent to pipeline,S,Continental Shelf,s,soft,s/g,sand/gravel,h,hole/depression,a-p/s,pipeline/scour,Scoured coarse sediment adjacent to pipeline,309.925863768,2493.09072918
22,Ss(s/g)h_a-p/s,Scoured coarse sediment adjacent to pipeline,S,Continental Shelf,s,soft,s/g,sand/gravel,h,hole/depression,a-p/s,pipeline/scour,Scoured coarse sediment adjacent to pipeline,643.248537965,3078.29764965
23,Ss(s/g)h_a-p/s,Scoured coarse sediment adjacent to pipeline,S,Continental Shelf,s,soft,s/g,sand/gravel,h,hole/depression,a-p/s,pipeline/scour,Scoured coarse sediment adjacent to pipeline,360.889004050,3520.96317088
24,Ss(s/g)h_a-p/s,Scoured coarse sediment adjacent to pipeline,S,Continental Shelf,s,soft,s/g,sand/gravel,h,hole/depression,a-p/s,pipeline/scour,Scoured coarse sediment adjacent to pipeline,544.332025463,3802.12621311
25,Ss(s/g)_r/u,Unconsolidated hummocky coarse sediment (sand/gravel),S,Continental Shelf,s,soft,s/g,sand/gravel,,,h/u,hummocky/unconsolidated,Soft unconsolidated hummocky sediment (sand/gravel),521.480658021,12842.0843851
26,Ss(s/g)_r/u,Unconsolidated hummocky coarse sediment (sand/gravel),S,Continental Shelf,s,soft,s/g,sand/gravel,,,h/u,hummocky/unconsolidated,Soft unconsolidated hummocky sediment (sand/gravel),6263.89514818,330379.653408
27,Ss(s/g)_r/u,Unconsolidated hummocky coarse sediment (sand/gravel),S,Continental Shelf,s,soft,s/g,sand/gravel,,,h/u,hummocky/unconsolidated,Soft unconsolidated hummocky sediment (sand/gravel),5510.62615200,828141.948612
28,Sh_a-g,Jetty/Riprap,S,Continental Shelf,h,hard,,,,,a-g,"anthropogenic (groins, jetty, riprap)",Hard anthropogenic feature (jetty/riprap),1195.57901963,26783.8504452
29,Sh_a-g,Jetty/Riprap,S,Continental Shelf,h,hard,,,,,a-g,"anthropogenic (groins, jetty, riprap)",Hard anthropogenic feature (jetty/riprap),252.596102034,3480.77369087
30,Ss(s/g)_h/u,Unconsolidated hummocky coarse sediment (sand/gravel),S,Continental Shelf,s,soft,s/g,sand/gravel,,,h/u,hummocky/unconsolidated,Soft unconsolidated hummocky sediment (sand/gravel),5408.92006292,362491.229692
31,Shd_c/d/f,Deformed sedimentary bedrock outcrop,S,Continental Shelf,h,hard,,,d,"deformed, tilted and folded bedrock, overhangs",c/d/f,consolidated/differentially eroded/fractured,"Faulted, fractured, differentially eroded, and deformed sedimentary bedrock on continental shelf",122.729683369,772.396695182
32,Shd_c/d/f,Deformed sedimentary bedrock outcrop,S,Continental Shelf,h,hard,,,d,"deformed, tilted and folded bedrock, overhangs",c/d/f,consolidated/differentially eroded/fractured,"Faulted, fractured, differentially eroded, and deformed sedimentary bedrock on continental shelf",150.575869652,1167.29117315
33,Shd_c/d/f,Deformed sedimentary bedrock outcrop,S,Continental Shelf,h,hard,,,d,"deformed, tilted and folded bedrock, overhangs",c/d/f,consolidated/differentially eroded/fractured,"Faulted, fractured, differentially eroded, and deformed sedimentary bedrock on continental shelf",635.538323778,18633.7949056
34,Shd_c/d/f,Deformed sedimentary bedrock outcrop,S,Continental Shelf,h,hard,,,d,"deformed, tilted and folded bedrock, overhangs",c/d/f,consolidated/differentially eroded/fractured,"Faulted, fractured, differentially eroded, and deformed sedimentary bedrock on continental shelf",278.844723380,3066.09704357
35,Shd_c/d/f,Deformed sedimentary bedrock outcrop,S,Continental Shelf,h,hard,,,d,"deformed, tilted and folded bedrock, overhangs",c/d/f,consolidated/differentially eroded/fractured,"Faulted, fractured, differentially eroded, and deformed sedimentary bedrock on continental shelf",160.641248007,1624.24689437
36,Shd_c/d/f,Deformed sedimentary bedrock outcrop,S,Continental Shelf,h,hard,,,d,"deformed, tilted and folded bedrock, overhangs",c/d/f,consolidated/differentially eroded/fractured,"Faulted, fractured, differentially eroded, and deformed sedimentary bedrock on continental shelf",187.533306563,2359.82087328
37,Shd_c/d/f,Deformed sedimentary bedrock outcrop,S,Continental Shelf,h,hard,,,d,"deformed, tilted and folded bedrock, overhangs",c/d/f,consolidated/differentially eroded/fractured,"Faulted, fractured, differentially eroded, and deformed sedimentary bedrock on continental shelf",128.792852886,1142.27153314
38,Shd_c/d/f,Deformed sedimentary bedrock outcrop,S,Continental Shelf,h,hard,,,d,"deformed, tilted and folded bedrock, overhangs",c/d/f,consolidated/differentially eroded/fractured,"Faulted, fractured, differentially eroded, and deformed sedimentary bedrock on continental shelf",709.765950055,29809.7059283
39,Shd_c/d/f,Deformed sedimentary bedrock outcrop,S,Continental Shelf,h,hard,,,d,"deformed, tilted and folded bedrock, overhangs",c/d/f,consolidated/differentially eroded/fractured,"Faulted, fractured, differentially eroded, and deformed sedimentary bedrock on continental shelf",149.135338411,1120.07234384
40,Shd_c/d/f,Deformed sedimentary bedrock outcrop,S,Continental Shelf,h,hard,,,d,"deformed, tilted and folded bedrock, overhangs",c/d/f,consolidated/differentially eroded/fractured,"Faulted, fractured, differentially eroded, and deformed sedimentary bedrock on continental shelf",151.789725254,1647.51636080
41,Shd_c/d/f,Deformed sedimentary bedrock outcrop,S,Continental Shelf,h,hard,,,d,"deformed, tilted and folded bedrock, overhangs",c/d/f,consolidated/differentially eroded/fractured,"Faulted, fractured, differentially eroded, and deformed sedimentary bedrock on continental shelf",557.037590834,5565.37357421
42,Shd_c/d/f,Deformed sedimentary bedrock outcrop,S,Continental Shelf,h,hard,,,d,"deformed, tilted and folded bedrock, overhangs",c/d/f,consolidated/differentially eroded/fractured,"Faulted, fractured, differentially eroded, and deformed sedimentary bedrock on continental shelf",388.490743032,2060.53986281
43,Shd_c/d/f,Deformed sedimentary bedrock outcrop,S,Continental Shelf,h,hard,,,d,"deformed, tilted and folded bedrock, overhangs",c/d/f,consolidated/differentially eroded/fractured,"Faulted, fractured, differentially eroded, and deformed sedimentary bedrock on continental shelf",99.7411081120,636.604119110
44,Shd_c/d/f,Deformed sedimentary bedrock outcrop,S,Continental Shelf,h,hard,,,d,"deformed, tilted and folded bedrock, overhangs",c/d/f,consolidated/differentially eroded/fractured,"Faulted, fractured, differentially eroded, and deformed sedimentary bedrock on continental shelf",5491.38604153,298554.034036
45,Shd_c/d/f,Deformed sedimentary bedrock outcrop,S,Continental Shelf,h,hard,,,d,"deformed, tilted and folded bedrock, overhangs",c/d/f,consolidated/differentially eroded/fractured,"Faulted, fractured, differentially eroded, and deformed sedimentary bedrock on continental shelf",319.240072891,5426.54450318
46,Shd_c/d/f,Deformed sedimentary bedrock outcrop,S,Continental Shelf,h,hard,,,d,"deformed, tilted and folded bedrock, overhangs",c/d/f,consolidated/differentially eroded/fractured,"Faulted, fractured, differentially eroded, and deformed sedimentary bedrock on continental shelf",327.660334523,3714.30412423
47,Shd_c/d/f,Deformed sedimentary bedrock outcrop,S,Continental Shelf,h,hard,,,d,"deformed, tilted and folded bedrock, overhangs",c/d/f,consolidated/differentially eroded/fractured,"Faulted, fractured, differentially eroded, and deformed sedimentary bedrock on continental shelf",3665.15320916,132032.487755
48,Shd_c/d/f,Deformed sedimentary bedrock outcrop,S,Continental Shelf,h,hard,,,d,"deformed, tilted and folded bedrock, overhangs",c/d/f,consolidated/differentially eroded/fractured,"Faulted, fractured, differentially eroded, and deformed sedimentary bedrock on continental shelf",10741.5780506,850393.726048
49,Shd_c/d/f,Deformed sedimentary bedrock outcrop,S,Continental Shelf,h,hard,,,d,"deformed, tilted and folded bedrock, overhangs",c/d/f,consolidated/differentially eroded/fractured,"Faulted, fractured, differentially eroded, and deformed sedimentary bedrock on continental shelf",1177.53680047,24916.4821311
50,Shd_c/d/f,Deformed sedimentary bedrock outcrop,S,Continental Shelf,h,hard,,,d,"deformed, tilted and folded bedrock, overhangs",c/d/f,consolidated/differentially eroded/fractured,"Faulted, fractured, differentially eroded, and deformed sedimentary bedrock on continental shelf",3398.29270099,101403.644111
51,Shd_c/d/f,Deformed sedimentary bedrock outcrop,S,Continental Shelf,h,hard,,,d,"deformed, tilted and folded bedrock, overhangs",c/d/f,consolidated/differentially eroded/fractured,"Faulted, fractured, differentially eroded, and deformed sedimentary bedrock on continental shelf",2256.65977617,94991.7072601
52,Shd_c/d/f,Deformed sedimentary bedrock outcrop,S,Continental Shelf,h,hard,,,d,"deformed, tilted and folded bedrock, overhangs",c/d/f,consolidated/differentially eroded/fractured,"Faulted, fractured, differentially eroded, and deformed sedimentary bedrock on continental shelf",7781.30010767,270006.583619
53,Shd_c/d/f,Deformed sedimentary bedrock outcrop,S,Continental Shelf,h,hard,,,d,"deformed, tilted and folded bedrock, overhangs",c/d/f,consolidated/differentially eroded/fractured,"Faulted, fractured, differentially eroded, and deformed sedimentary bedrock on continental shelf",686.760754465,16605.2944658
54,Shd_c/d/f,Deformed sedimentary bedrock outcrop,S,Continental Shelf,h,hard,,,d,"deformed, tilted and folded bedrock, overhangs",c/d/f,consolidated/differentially eroded/fractured,"Faulted, fractured, differentially eroded, and deformed sedimentary bedrock on continental shelf",1346.81391050,11619.0500992
55,Shd_c/d/f,Deformed sedimentary bedrock outcrop,S,Continental Shelf,h,hard,,,d,"deformed, tilted and folded bedrock, overhangs",c/d/f,consolidated/differentially eroded/fractured,"Faulted, fractured, differentially eroded, and deformed sedimentary bedrock on continental shelf",144.700276434,1515.87935542
56,Shd_c/d/f,Deformed sedimentary bedrock outcrop,S,Continental Shelf,h,hard,,,d,"deformed, tilted and folded bedrock, overhangs",c/d/f,consolidated/differentially eroded/fractured,"Faulted, fractured, differentially eroded, and deformed sedimentary bedrock on continental shelf",1616.45856707,54739.0863078
57,Shd_c/d/f,Deformed sedimentary bedrock outcrop,S,Continental Shelf,h,hard,,,d,"deformed, tilted and folded bedrock, overhangs",c/d/f,consolidated/differentially eroded/fractured,"Faulted, fractured, differentially eroded, and deformed sedimentary bedrock on continental shelf",25275.9818124,5254858.01908
58,Shd_c/d/f,Deformed sedimentary bedrock outcrop,S,Continental Shelf,h,hard,,,d,"deformed, tilted and folded bedrock, overhangs",c/d/f,consolidated/differentially eroded/fractured,"Faulted, fractured, differentially eroded, and deformed sedimentary bedrock on continental shelf",32527.8974901,1899231.75363
59,Shd_c/d/f,Deformed sedimentary bedrock outcrop,S,Continental Shelf,h,hard,,,d,"deformed, tilted and folded bedrock, overhangs",c/d/f,consolidated/differentially eroded/fractured,"Faulted, fractured, differentially eroded, and deformed sedimentary bedrock on continental shelf",5538.69948235,784578.293053
60,Shd_c/d/f,Deformed sedimentary bedrock outcrop,S,Continental Shelf,h,hard,,,d,"deformed, tilted and folded bedrock, overhangs",c/d/f,consolidated/differentially eroded/fractured,"Faulted, fractured, differentially eroded, and deformed sedimentary bedrock on continental shelf",14132.1805303,784290.176886
61,Shd_c/d/f,Deformed sedimentary bedrock outcrop,S,Continental Shelf,h,hard,,,d,"deformed, tilted and folded bedrock, overhangs",c/d/f,consolidated/differentially eroded/fractured,"Faulted, fractured, differentially eroded, and deformed sedimentary bedrock on continental shelf",1364.01467333,32087.0448598
62,Shd_c/d/f,Deformed sedimentary bedrock outcrop,S,Continental Shelf,h,hard,,,d,"deformed, tilted and folded bedrock, overhangs",c/d/f,consolidated/differentially eroded/fractured,"Faulted, fractured, differentially eroded, and deformed sedimentary bedrock on continental shelf",479.895903367,2926.77450988
63,Shd_c/d/f,Deformed sedimentary bedrock outcrop,S,Continental Shelf,h,hard,,,d,"deformed, tilted and folded bedrock, overhangs",c/d/f,consolidated/differentially eroded/fractured,"Faulted, fractured, differentially eroded, and deformed sedimentary bedrock on continental shelf",335.021598397,4582.01580025
64,Shd_c/d/f,Deformed sedimentary bedrock outcrop,S,Continental Shelf,h,hard,,,d,"deformed, tilted and folded bedrock, overhangs",c/d/f,consolidated/differentially eroded/fractured,"Faulted, fractured, differentially eroded, and deformed sedimentary bedrock on continental shelf",3498.91715028,147550.435037
65,Shd_c/d/f,Deformed sedimentary bedrock outcrop,S,Continental Shelf,h,hard,,,d,"deformed, tilted and folded bedrock, overhangs",c/d/f,consolidated/differentially eroded/fractured,"Faulted, fractured, differentially eroded, and deformed sedimentary bedrock on continental shelf",126.688580984,587.383094603
66,Shd_c/d/f,Deformed sedimentary bedrock outcrop,S,Continental Shelf,h,hard,,,d,"deformed, tilted and folded bedrock, overhangs",c/d/f,consolidated/differentially eroded/fractured,"Faulted, fractured, differentially eroded, and deformed sedimentary bedrock on continental shelf",6802.65795574,259177.562512
67,Shd_c/d/f,Deformed sedimentary bedrock outcrop,S,Continental Shelf,h,hard,,,d,"deformed, tilted and folded bedrock, overhangs",c/d/f,consolidated/differentially eroded/fractured,"Faulted, fractured, differentially eroded, and deformed sedimentary bedrock on continental shelf",104.682733451,721.710777967
68,Shd_c/d/f,Deformed sedimentary bedrock outcrop,S,Continental Shelf,h,hard,,,d,"deformed, tilted and folded bedrock, overhangs",c/d/f,consolidated/differentially eroded/fractured,"Faulted, fractured, differentially eroded, and deformed sedimentary bedrock on continental shelf",291.489480790,2585.05753617
69,Shd_c/d/f,Deformed sedimentary bedrock outcrop,S,Continental Shelf,h,hard,,,d,"deformed, tilted and folded bedrock, overhangs",c/d/f,consolidated/differentially eroded/fractured,"Faulted, fractured, differentially eroded, and deformed sedimentary bedrock on continental shelf",91.2729290111,533.330844549
70,Shd_c/d/f,Deformed sedimentary bedrock outcrop,S,Continental Shelf,h,hard,,,d,"deformed, tilted and folded bedrock, overhangs",c/d/f,consolidated/differentially eroded/fractured,"Faulted, fractured, differentially eroded, and deformed sedimentary bedrock on continental shelf",613.512539980,13457.3713461
71,Shd_c/d/f,Deformed sedimentary bedrock outcrop,S,Continental Shelf,h,hard,,,d,"deformed, tilted and folded bedrock, overhangs",c/d/f,consolidated/differentially eroded/fractured,"Faulted, fractured, differentially eroded, and deformed sedimentary bedrock on continental shelf",115.060862953,872.215503096
72,Shd_c/d/f,Deformed sedimentary bedrock outcrop,S,Continental Shelf,h,hard,,,d,"deformed, tilted and folded bedrock, overhangs",c/d/f,consolidated/differentially eroded/fractured,"Faulted, fractured, differentially eroded, and deformed sedimentary bedrock on continental shelf",138.868703781,760.853710920
73,Shd_c/d/f,Deformed sedimentary bedrock outcrop,S,Continental Shelf,h,hard,,,d,"deformed, tilted and folded bedrock, overhangs",c/d/f,consolidated/differentially eroded/fractured,"Faulted, fractured, differentially eroded, and deformed sedimentary bedrock on continental shelf",218.271411648,1707.72830052
74,Shd_c/d/f,Deformed sedimentary bedrock outcrop,S,Continental Shelf,h,hard,,,d,"deformed, tilted and folded bedrock, overhangs",c/d/f,consolidated/differentially eroded/fractured,"Faulted, fractured, differentially eroded, and deformed sedimentary bedrock on continental shelf",111.984659382,778.620841226
75,Shd_c/d/f,Deformed sedimentary bedrock outcrop,S,Continental Shelf,h,hard,,,d,"deformed, tilted and folded bedrock, overhangs",c/d/f,consolidated/differentially eroded/fractured,"Faulted, fractured, differentially eroded, and deformed sedimentary bedrock on continental shelf",170.743011766,866.087929453
76,Shd_c/d/f,Deformed sedimentary bedrock outcrop,S,Continental Shelf,h,hard,,,d,"deformed, tilted and folded bedrock, overhangs",c/d/f,consolidated/differentially eroded/fractured,"Faulted, fractured, differentially eroded, and deformed sedimentary bedrock on continental shelf",5570.45510646,253728.708772
77,Shd_c/d/f,Deformed sedimentary bedrock outcrop,S,Continental Shelf,h,hard,,,d,"deformed, tilted and folded bedrock, overhangs",c/d/f,consolidated/differentially eroded/fractured,"Faulted, fractured, differentially eroded, and deformed sedimentary bedrock on continental shelf",101.776486655,627.941922088
78,Shd_c/d/f,Deformed sedimentary bedrock outcrop,S,Continental Shelf,h,hard,,,d,"deformed, tilted and folded bedrock, overhangs",c/d/f,consolidated/differentially eroded/fractured,"Faulted, fractured, differentially eroded, and deformed sedimentary bedrock on continental shelf",299.220896494,2964.75057589
79,Shd_c/d/f,Deformed sedimentary bedrock outcrop,S,Continental Shelf,h,hard,,,d,"deformed, tilted and folded bedrock, overhangs",c/d/f,consolidated/differentially eroded/fractured,"Faulted, fractured, differentially eroded, and deformed sedimentary bedrock on continental shelf",258.130913391,2491.88490347
80,Shd_c/d/f,Deformed sedimentary bedrock outcrop,S,Continental Shelf,h,hard,,,d,"deformed, tilted and folded bedrock, overhangs",c/d/f,consolidated/differentially eroded/fractured,"Faulted, fractured, differentially eroded, and deformed sedimentary bedrock on continental shelf",485.679751375,6059.21412899
81,Shd_c/d/f,Deformed sedimentary bedrock outcrop,S,Continental Shelf,h,hard,,,d,"deformed, tilted and folded bedrock, overhangs",c/d/f,consolidated/differentially eroded/fractured,"Faulted, fractured, differentially eroded, and deformed sedimentary bedrock on continental shelf",490.136193698,3578.21769750
82,Shd_c/d/f,Deformed sedimentary bedrock outcrop,S,Continental Shelf,h,hard,,,d,"deformed, tilted and folded bedrock, overhangs",c/d/f,consolidated/differentially eroded/fractured,"Faulted, fractured, differentially eroded, and deformed sedimentary bedrock on continental shelf",1303.38685080,16909.8722427
83,Shd_c/d/f,Deformed sedimentary bedrock outcrop,S,Continental Shelf,h,hard,,,d,"deformed, tilted and folded bedrock, overhangs",c/d/f,consolidated/differentially eroded/fractured,"Faulted, fractured, differentially eroded, and deformed sedimentary bedrock on continental shelf",226.062118692,1926.04992906
84,Shd_c/d/f,Deformed sedimentary bedrock outcrop,S,Continental Shelf,h,hard,,,d,"deformed, tilted and folded bedrock, overhangs",c/d/f,consolidated/differentially eroded/fractured,"Faulted, fractured, differentially eroded, and deformed sedimentary bedrock on continental shelf",633.192636926,11810.7608876
85,Shd_c/d/f,Deformed sedimentary bedrock outcrop,S,Continental Shelf,h,hard,,,d,"deformed, tilted and folded bedrock, overhangs",c/d/f,consolidated/differentially eroded/fractured,"Faulted, fractured, differentially eroded, and deformed sedimentary bedrock on continental shelf",154.570762267,1429.81683898
86,Shd_c/d/f,Deformed sedimentary bedrock outcrop,S,Continental Shelf,h,hard,,,d,"deformed, tilted and folded bedrock, overhangs",c/d/f,consolidated/differentially eroded/fractured,"Faulted, fractured, differentially eroded, and deformed sedimentary bedrock on continental shelf",4130.12971819,160027.586675
87,Sme_c/u,Sediment covered sedimentary bedrock,S,Continental Shelf,m,mixed habitat,,,e,bedrock,c/u,consolidated/unconsolidated,Mixed habitat of soft unconsolidated sediment overlying hard consolidated sedimentary bedrock,4068.72778112,125243.189300
88,Sme_c/u,Sediment covered sedimentary bedrock,S,Continental Shelf,m,mixed habitat,,,e,bedrock,c/u,consolidated/unconsolidated,Mixed habitat of soft unconsolidated sediment overlying hard consolidated sedimentary bedrock,622.487933328,15824.8327354
89,Sme_c/u,Sediment covered sedimentary bedrock,S,Continental Shelf,m,mixed habitat,,,e,bedrock,c/u,consolidated/unconsolidated,Mixed habitat of soft unconsolidated sediment overlying hard consolidated sedimentary bedrock,2548.66350195,119685.688837
90,Sme_c/u,Sediment covered sedimentary bedrock,S,Continental Shelf,m,mixed habitat,,,e,bedrock,c/u,consolidated/unconsolidated,Mixed habitat of soft unconsolidated sediment overlying hard consolidated sedimentary bedrock,8764.91604480,1064241.12046
91,Sme_c/u,Sediment covered sedimentary bedrock,S,Continental Shelf,m,mixed habitat,,,e,bedrock,c/u,consolidated/unconsolidated,Mixed habitat of soft unconsolidated sediment overlying hard consolidated sedimentary bedrock,3952.74946462,321467.570686
92,Sme_c/u,Sediment covered sedimentary bedrock,S,Continental Shelf,m,mixed habitat,,,e,bedrock,c/u,consolidated/unconsolidated,Mixed habitat of soft unconsolidated sediment overlying hard consolidated sedimentary bedrock,405.245003738,9140.50118402
93,Sme_c/u,Sediment covered sedimentary bedrock,S,Continental Shelf,m,mixed habitat,,,e,bedrock,c/u,consolidated/unconsolidated,Mixed habitat of soft unconsolidated sediment overlying hard consolidated sedimentary bedrock,384.945740005,2542.89550413
94,Sme_c/u,Sediment covered sedimentary bedrock,S,Continental Shelf,m,mixed habitat,,,e,bedrock,c/u,consolidated/unconsolidated,Mixed habitat of soft unconsolidated sediment overlying hard consolidated sedimentary bedrock,683.968797547,7792.98181844
95,Sme_c/u,Sediment covered sedimentary bedrock,S,Continental Shelf,m,mixed habitat,,,e,bedrock,c/u,consolidated/unconsolidated,Mixed habitat of soft unconsolidated sediment overlying hard consolidated sedimentary bedrock,422.149295623,6108.73538739
96,Sme_c/u,Sediment covered sedimentary bedrock,S,Continental Shelf,m,mixed habitat,,,e,bedrock,c/u,consolidated/unconsolidated,Mixed habitat of soft unconsolidated sediment overlying hard consolidated sedimentary bedrock,4603.31367407,182012.485954
97,Sme_c/u,Sediment covered sedimentary bedrock,S,Continental Shelf,m,mixed habitat,,,e,bedrock,c/u,consolidated/unconsolidated,Mixed habitat of soft unconsolidated sediment overlying hard consolidated sedimentary bedrock,669.954294171,10873.8860499
98,Sme_c/u,Sediment covered sedimentary bedrock,S,Continental Shelf,m,mixed habitat,,,e,bedrock,c/u,consolidated/unconsolidated,Mixed habitat of soft unconsolidated sediment overlying hard consolidated sedimentary bedrock,497.702445528,7050.09614745
99,Sme_c/u,Sediment covered sedimentary bedrock,S,Continental Shelf,m,mixed habitat,,,e,bedrock,c/u,consolidated/unconsolidated,Mixed habitat of soft unconsolidated sediment overlying hard consolidated sedimentary bedrock,126.450552925,810.861583148
100,Sme_c/u,Sediment covered sedimentary bedrock,S,Continental Shelf,m,mixed habitat,,,e,bedrock,c/u,consolidated/unconsolidated,Mixed habitat of soft unconsolidated sediment overlying hard consolidated sedimentary bedrock,516.354101903,6986.52769088
101,Sme_c/u,Sediment covered sedimentary bedrock,S,Continental Shelf,m,mixed habitat,,,e,bedrock,c/u,consolidated/unconsolidated,Mixed habitat of soft unconsolidated sediment overlying hard consolidated sedimentary bedrock,591.311692360,7777.43681596
102,Sme_c/u,Sediment covered sedimentary bedrock,S,Continental Shelf,m,mixed habitat,,,e,bedrock,c/u,consolidated/unconsolidated,Mixed habitat of soft unconsolidated sediment overlying hard consolidated sedimentary bedrock,562.875987777,7053.66409346
103,Sme_c/u,Sediment covered sedimentary bedrock,S,Continental Shelf,m,mixed habitat,,,e,bedrock,c/u,consolidated/unconsolidated,Mixed habitat of soft unconsolidated sediment overlying hard consolidated sedimentary bedrock,211.235175211,1421.31127539
104,Sme_c/u,Sediment covered sedimentary bedrock,S,Continental Shelf,m,mixed habitat,,,e,bedrock,c/u,consolidated/unconsolidated,Mixed habitat of soft unconsolidated sediment overlying hard consolidated sedimentary bedrock,368.047967112,4736.08616874
105,Sme_c/u,Sediment covered sedimentary bedrock,S,Continental Shelf,m,mixed habitat,,,e,bedrock,c/u,consolidated/unconsolidated,Mixed habitat of soft unconsolidated sediment overlying hard consolidated sedimentary bedrock,152.433852393,1391.34105861
106,Sme_c/u,Sediment covered sedimentary bedrock,S,Continental Shelf,m,mixed habitat,,,e,bedrock,c/u,consolidated/unconsolidated,Mixed habitat of soft unconsolidated sediment overlying hard consolidated sedimentary bedrock,124.858255918,966.063269291
107,Sme_c/u,Sediment covered sedimentary bedrock,S,Continental Shelf,m,mixed habitat,,,e,bedrock,c/u,consolidated/unconsolidated,Mixed habitat of soft unconsolidated sediment overlying hard consolidated sedimentary bedrock,606.809585296,6404.36897784
108,Sme_c/u,Sediment covered sedimentary bedrock,S,Continental Shelf,m,mixed habitat,,,e,bedrock,c/u,consolidated/unconsolidated,Mixed habitat of soft unconsolidated sediment overlying hard consolidated sedimentary bedrock,164.094357840,1597.66809959
109,Sme_c/u,Sediment covered sedimentary bedrock,S,Continental Shelf,m,mixed habitat,,,e,bedrock,c/u,consolidated/unconsolidated,Mixed habitat of soft unconsolidated sediment overlying hard consolidated sedimentary bedrock,854.749212396,10130.9371303
110,Sme_c/u,Sediment covered sedimentary bedrock,S,Continental Shelf,m,mixed habitat,,,e,bedrock,c/u,consolidated/unconsolidated,Mixed habitat of soft unconsolidated sediment overlying hard consolidated sedimentary bedrock,308.729470883,2525.36423225
111,Sme_c/u,Sediment covered sedimentary bedrock,S,Continental Shelf,m,mixed habitat,,,e,bedrock,c/u,consolidated/unconsolidated,Mixed habitat of soft unconsolidated sediment overlying hard consolidated sedimentary bedrock,327.063202116,1962.26293081
112,Sme_c/u,Sediment covered sedimentary bedrock,S,Continental Shelf,m,mixed habitat,,,e,bedrock,c/u,consolidated/unconsolidated,Mixed habitat of soft unconsolidated sediment overlying hard consolidated sedimentary bedrock,645.184598968,7762.11280161
113,Sme_c/u,Sediment covered sedimentary bedrock,S,Continental Shelf,m,mixed habitat,,,e,bedrock,c/u,consolidated/unconsolidated,Mixed habitat of soft unconsolidated sediment overlying hard consolidated sedimentary bedrock,211.582096512,1735.38614882
114,Sme_c/u,Sediment covered sedimentary bedrock,S,Continental Shelf,m,mixed habitat,,,e,bedrock,c/u,consolidated/unconsolidated,Mixed habitat of soft unconsolidated sediment overlying hard consolidated sedimentary bedrock,142.243166164,669.487763573
115,Sme_c/u,Sediment covered sedimentary bedrock,S,Continental Shelf,m,mixed habitat,,,e,bedrock,c/u,consolidated/unconsolidated,Mixed habitat of soft unconsolidated sediment overlying hard consolidated sedimentary bedrock,371.286686085,2981.10651757
116,Sme_c/u,Sediment covered sedimentary bedrock,S,Continental Shelf,m,mixed habitat,,,e,bedrock,c/u,consolidated/unconsolidated,Mixed habitat of soft unconsolidated sediment overlying hard consolidated sedimentary bedrock,231.376419027,1395.15095903
117,Sme_c/u,Sediment covered sedimentary bedrock,S,Continental Shelf,m,mixed habitat,,,e,bedrock,c/u,consolidated/unconsolidated,Mixed habitat of soft unconsolidated sediment overlying hard consolidated sedimentary bedrock,905.837594212,12076.9177507
118,Sme_c/u,Sediment covered sedimentary bedrock,S,Continental Shelf,m,mixed habitat,,,e,bedrock,c/u,consolidated/unconsolidated,Mixed habitat of soft unconsolidated sediment overlying hard consolidated sedimentary bedrock,341.155491378,2781.63218440
119,Sme_c/u,Sediment covered sedimentary bedrock,S,Continental Shelf,m,mixed habitat,,,e,bedrock,c/u,consolidated/unconsolidated,Mixed habitat of soft unconsolidated sediment overlying hard consolidated sedimentary bedrock,203.568986383,1487.41735144
120,Sme_c/u,Sediment covered sedimentary bedrock,S,Continental Shelf,m,mixed habitat,,,e,bedrock,c/u,consolidated/unconsolidated,Mixed habitat of soft unconsolidated sediment overlying hard consolidated sedimentary bedrock,63.1954621990,181.633003902
121,Sme_c/u,Sediment covered sedimentary bedrock,S,Continental Shelf,m,mixed habitat,,,e,bedrock,c/u,consolidated/unconsolidated,Mixed habitat of soft unconsolidated sediment overlying hard consolidated sedimentary bedrock,802.355705195,7351.94680526
122,Sme_c/u,Sediment covered sedimentary bedrock,S,Continental Shelf,m,mixed habitat,,,e,bedrock,c/u,consolidated/unconsolidated,Mixed habitat of soft unconsolidated sediment overlying hard consolidated sedimentary bedrock,318.781406120,2733.11965285
123,Sme_c/u,Sediment covered sedimentary bedrock,S,Continental Shelf,m,mixed habitat,,,e,bedrock,c/u,consolidated/unconsolidated,Mixed habitat of soft unconsolidated sediment overlying hard consolidated sedimentary bedrock,317.035736403,2414.77196327
124,Sme_c/u,Sediment covered sedimentary bedrock,S,Continental Shelf,m,mixed habitat,,,e,bedrock,c/u,consolidated/unconsolidated,Mixed habitat of soft unconsolidated sediment overlying hard consolidated sedimentary bedrock,105.029001374,425.934956441
125,Sme_c/u,Sediment covered sedimentary bedrock,S,Continental Shelf,m,mixed habitat,,,e,bedrock,c/u,consolidated/unconsolidated,Mixed habitat of soft unconsolidated sediment overlying hard consolidated sedimentary bedrock,133.952007799,419.688776784
126,Sme_c/u,Sediment covered sedimentary bedrock,S,Continental Shelf,m,mixed habitat,,,e,bedrock,c/u,consolidated/unconsolidated,Mixed habitat of soft unconsolidated sediment overlying hard consolidated sedimentary bedrock,2082.17767800,55513.9086338
127,Sme_c/u,Sediment covered sedimentary bedrock,S,Continental Shelf,m,mixed habitat,,,e,bedrock,c/u,consolidated/unconsolidated,Mixed habitat of soft unconsolidated sediment overlying hard consolidated sedimentary bedrock,589.229544807,5298.90922198
128,Sme_c/u,Sediment covered sedimentary bedrock,S,Continental Shelf,m,mixed habitat,,,e,bedrock,c/u,consolidated/unconsolidated,Mixed habitat of soft unconsolidated sediment overlying hard consolidated sedimentary bedrock,137.337610554,319.396147507
129,Sme_c/u,Sediment covered sedimentary bedrock,S,Continental Shelf,m,mixed habitat,,,e,bedrock,c/u,consolidated/unconsolidated,Mixed habitat of soft unconsolidated sediment overlying hard consolidated sedimentary bedrock,234.597930142,1404.90551297
130,Sme_c/u,Sediment covered sedimentary bedrock,S,Continental Shelf,m,mixed habitat,,,e,bedrock,c/u,consolidated/unconsolidated,Mixed habitat of soft unconsolidated sediment overlying hard consolidated sedimentary bedrock,72.8053525280,258.797951407
131,Sme_c/u,Sediment covered sedimentary bedrock,S,Continental Shelf,m,mixed habitat,,,e,bedrock,c/u,consolidated/unconsolidated,Mixed habitat of soft unconsolidated sediment overlying hard consolidated sedimentary bedrock,191.501654036,1939.12798679
132,Sme_c/u,Sediment covered sedimentary bedrock,S,Continental Shelf,m,mixed habitat,,,e,bedrock,c/u,consolidated/unconsolidated,Mixed habitat of soft unconsolidated sediment overlying hard consolidated sedimentary bedrock,82.7591485117,357.461569760
133,Sme_c/u,Sediment covered sedimentary bedrock,S,Continental Shelf,m,mixed habitat,,,e,bedrock,c/u,consolidated/unconsolidated,Mixed habitat of soft unconsolidated sediment overlying hard consolidated sedimentary bedrock,184.109848385,1092.77286704
134,Sme_c/u,Sediment covered sedimentary bedrock,S,Continental Shelf,m,mixed habitat,,,e,bedrock,c/u,consolidated/unconsolidated,Mixed habitat of soft unconsolidated sediment overlying hard consolidated sedimentary bedrock,252.048988254,2918.63312431
135,Sme_c/u,Sediment covered sedimentary bedrock,S,Continental Shelf,m,mixed habitat,,,e,bedrock,c/u,consolidated/unconsolidated,Mixed habitat of soft unconsolidated sediment overlying hard consolidated sedimentary bedrock,154.139509592,853.779292864
136,Sme_c/u,Sediment covered sedimentary bedrock,S,Continental Shelf,m,mixed habitat,,,e,bedrock,c/u,consolidated/unconsolidated,Mixed habitat of soft unconsolidated sediment overlying hard consolidated sedimentary bedrock,161.432448596,657.342025230
137,Sme_c/u,Sediment covered sedimentary bedrock,S,Continental Shelf,m,mixed habitat,,,e,bedrock,c/u,consolidated/unconsolidated,Mixed habitat of soft unconsolidated sediment overlying hard consolidated sedimentary bedrock,185.816369767,928.875525027
138,Sme_c/u,Sediment covered sedimentary bedrock,S,Continental Shelf,m,mixed habitat,,,e,bedrock,c/u,consolidated/unconsolidated,Mixed habitat of soft unconsolidated sediment overlying hard consolidated sedimentary bedrock,189.351313125,1168.79559618
139,Sme_c/u,Sediment covered sedimentary bedrock,S,Continental Shelf,m,mixed habitat,,,e,bedrock,c/u,consolidated/unconsolidated,Mixed habitat of soft unconsolidated sediment overlying hard consolidated sedimentary bedrock,219.976938250,1860.80893333
140,Sme_c/u,Sediment covered sedimentary bedrock,S,Continental Shelf,m,mixed habitat,,,e,bedrock,c/u,consolidated/unconsolidated,Mixed habitat of soft unconsolidated sediment overlying hard consolidated sedimentary bedrock,1165.20319241,13872.5322537
141,Sme_c/u,Sediment covered sedimentary bedrock,S,Continental Shelf,m,mixed habitat,,,e,bedrock,c/u,consolidated/unconsolidated,Mixed habitat of soft unconsolidated sediment overlying hard consolidated sedimentary bedrock,133.761613016,591.210347856
142,Sme_c/u,Sediment covered sedimentary bedrock,S,Continental Shelf,m,mixed habitat,,,e,bedrock,c/u,consolidated/unconsolidated,Mixed habitat of soft unconsolidated sediment overlying hard consolidated sedimentary bedrock,59.3695864266,140.666090214
143,Sme_c/u,Sediment covered sedimentary bedrock,S,Continental Shelf,m,mixed habitat,,,e,bedrock,c/u,consolidated/unconsolidated,Mixed habitat of soft unconsolidated sediment overlying hard consolidated sedimentary bedrock,388.424570898,3702.11137018
144,Sme_c/u,Sediment covered sedimentary bedrock,S,Continental Shelf,m,mixed habitat,,,e,bedrock,c/u,consolidated/unconsolidated,Mixed habitat of soft unconsolidated sediment overlying hard consolidated sedimentary bedrock,154.428169695,855.597518327
145,Sme_c/u,Sediment covered sedimentary bedrock,S,Continental Shelf,m,mixed habitat,,,e,bedrock,c/u,consolidated/unconsolidated,Mixed habitat of soft unconsolidated sediment overlying hard consolidated sedimentary bedrock,178.793437609,885.776385547
146,Sme_c/u,Sediment covered sedimentary bedrock,S,Continental Shelf,m,mixed habitat,,,e,bedrock,c/u,consolidated/unconsolidated,Mixed habitat of soft unconsolidated sediment overlying hard consolidated sedimentary bedrock,391.429219758,1588.22952237
147,Sme_c/u,Sediment covered sedimentary bedrock,S,Continental Shelf,m,mixed habitat,,,e,bedrock,c/u,consolidated/unconsolidated,Mixed habitat of soft unconsolidated sediment overlying hard consolidated sedimentary bedrock,220.472226858,2220.23882954
148,Sme_c/u,Sediment covered sedimentary bedrock,S,Continental Shelf,m,mixed habitat,,,e,bedrock,c/u,consolidated/unconsolidated,Mixed habitat of soft unconsolidated sediment overlying hard consolidated sedimentary bedrock,213.723524302,847.053895371
149,Sme_c/u,Sediment covered sedimentary bedrock,S,Continental Shelf,m,mixed habitat,,,e,bedrock,c/u,consolidated/unconsolidated,Mixed habitat of soft unconsolidated sediment overlying hard consolidated sedimentary bedrock,652.239886153,3542.67252414
150,Sme_c/u,Sediment covered sedimentary bedrock,S,Continental Shelf,m,mixed habitat,,,e,bedrock,c/u,consolidated/unconsolidated,Mixed habitat of soft unconsolidated sediment overlying hard consolidated sedimentary bedrock,119.470427972,618.447829309
151,Sme_c/u,Sediment covered sedimentary bedrock,S,Continental Shelf,m,mixed habitat,,,e,bedrock,c/u,consolidated/unconsolidated,Mixed habitat of soft unconsolidated sediment overlying hard consolidated sedimentary bedrock,1157.02599733,13869.4449471
152,Sme_c/u,Sediment covered sedimentary bedrock,S,Continental Shelf,m,mixed habitat,,,e,bedrock,c/u,consolidated/unconsolidated,Mixed habitat of soft unconsolidated sediment overlying hard consolidated sedimentary bedrock,786.511570420,8516.72746220
153,Sme_c/u,Sediment covered sedimentary bedrock,S,Continental Shelf,m,mixed habitat,,,e,bedrock,c/u,consolidated/unconsolidated,Mixed habitat of soft unconsolidated sediment overlying hard consolidated sedimentary bedrock,521.846267681,4035.11214403
154,Sme_c/u,Sediment covered sedimentary bedrock,S,Continental Shelf,m,mixed habitat,,,e,bedrock,c/u,consolidated/unconsolidated,Mixed habitat of soft unconsolidated sediment overlying hard consolidated sedimentary bedrock,102.986976711,500.591815572
155,Sme_c/u,Sediment covered sedimentary bedrock,S,Continental Shelf,m,mixed habitat,,,e,bedrock,c/u,consolidated/unconsolidated,Mixed habitat of soft unconsolidated sediment overlying hard consolidated sedimentary bedrock,117.648430222,861.055932021
156,Sme_c/u,Sediment covered sedimentary bedrock,S,Continental Shelf,m,mixed habitat,,,e,bedrock,c/u,consolidated/unconsolidated,Mixed habitat of soft unconsolidated sediment overlying hard consolidated sedimentary bedrock,1271.00932419,38074.4554301
157,Sme_c/u,Sediment covered sedimentary bedrock,S,Continental Shelf,m,mixed habitat,,,e,bedrock,c/u,consolidated/unconsolidated,Mixed habitat of soft unconsolidated sediment overlying hard consolidated sedimentary bedrock,1063.36916468,19760.7707825
158,Sme_c/u,Sediment covered sedimentary bedrock,S,Continental Shelf,m,mixed habitat,,,e,bedrock,c/u,consolidated/unconsolidated,Mixed habitat of soft unconsolidated sediment overlying hard consolidated sedimentary bedrock,64.7389498886,197.980699629
159,Sme_c/u,Sediment covered sedimentary bedrock,S,Continental Shelf,m,mixed habitat,,,e,bedrock,c/u,consolidated/unconsolidated,Mixed habitat of soft unconsolidated sediment overlying hard consolidated sedimentary bedrock,159.103693266,785.582023114
160,Sme_c/u,Sediment covered sedimentary bedrock,S,Continental Shelf,m,mixed habitat,,,e,bedrock,c/u,consolidated/unconsolidated,Mixed habitat of soft unconsolidated sediment overlying hard consolidated sedimentary bedrock,321.373167305,2841.08664637
161,Sme_c/u,Sediment covered sedimentary bedrock,S,Continental Shelf,m,mixed habitat,,,e,bedrock,c/u,consolidated/unconsolidated,Mixed habitat of soft unconsolidated sediment overlying hard consolidated sedimentary bedrock,103.666710643,447.259784312
162,Sme_c/u,Sediment covered sedimentary bedrock,S,Continental Shelf,m,mixed habitat,,,e,bedrock,c/u,consolidated/unconsolidated,Mixed habitat of soft unconsolidated sediment overlying hard consolidated sedimentary bedrock,1404.85606221,26156.6481643
163,Sme_c/u,Sediment covered sedimentary bedrock,S,Continental Shelf,m,mixed habitat,,,e,bedrock,c/u,consolidated/unconsolidated,Mixed habitat of soft unconsolidated sediment overlying hard consolidated sedimentary bedrock,187.760694719,1116.57290955
164,Sme_c/u,Sediment covered sedimentary bedrock,S,Continental Shelf,m,mixed habitat,,,e,bedrock,c/u,consolidated/unconsolidated,Mixed habitat of soft unconsolidated sediment overlying hard consolidated sedimentary bedrock,160.886556295,792.584463565
165,Sme_c/u,Sediment covered sedimentary bedrock,S,Continental Shelf,m,mixed habitat,,,e,bedrock,c/u,consolidated/unconsolidated,Mixed habitat of soft unconsolidated sediment overlying hard consolidated sedimentary bedrock,91.2986898564,482.616776270
166,Sme_c/u,Sediment covered sedimentary bedrock,S,Continental Shelf,m,mixed habitat,,,e,bedrock,c/u,consolidated/unconsolidated,Mixed habitat of soft unconsolidated sediment overlying hard consolidated sedimentary bedrock,509.913990854,5167.65895541
167,Sme_c/u,Sediment covered sedimentary bedrock,S,Continental Shelf,m,mixed habitat,,,e,bedrock,c/u,consolidated/unconsolidated,Mixed habitat of soft unconsolidated sediment overlying hard consolidated sedimentary bedrock,99.8802684188,499.880793184
168,Sme_c/u,Sediment covered sedimentary bedrock,S,Continental Shelf,m,mixed habitat,,,e,bedrock,c/u,consolidated/unconsolidated,Mixed habitat of soft unconsolidated sediment overlying hard consolidated sedimentary bedrock,343.852185362,2772.02503138
169,Sme_c/u,Sediment covered sedimentary bedrock,S,Continental Shelf,m,mixed habitat,,,e,bedrock,c/u,consolidated/unconsolidated,Mixed habitat of soft unconsolidated sediment overlying hard consolidated sedimentary bedrock,280.029823806,1626.95254179
170,Sme_c/u,Sediment covered sedimentary bedrock,S,Continental Shelf,m,mixed habitat,,,e,bedrock,c/u,consolidated/unconsolidated,Mixed habitat of soft unconsolidated sediment overlying hard consolidated sedimentary bedrock,1419.06983726,17488.8997524
171,Sme_c/u,Sediment covered sedimentary bedrock,S,Continental Shelf,m,mixed habitat,,,e,bedrock,c/u,consolidated/unconsolidated,Mixed habitat of soft unconsolidated sediment overlying hard consolidated sedimentary bedrock,239.360617767,1009.95523660
172,Sme_c/u,Sediment covered sedimentary bedrock,S,Continental Shelf,m,mixed habitat,,,e,bedrock,c/u,consolidated/unconsolidated,Mixed habitat of soft unconsolidated sediment overlying hard consolidated sedimentary bedrock,485.525311358,2368.03602598
173,Sme_c/u,Sediment covered sedimentary bedrock,S,Continental Shelf,m,mixed habitat,,,e,bedrock,c/u,consolidated/unconsolidated,Mixed habitat of soft unconsolidated sediment overlying hard consolidated sedimentary bedrock,300.051701236,1520.44957389
174,Sme_c/u,Sediment covered sedimentary bedrock,S,Continental Shelf,m,mixed habitat,,,e,bedrock,c/u,consolidated/unconsolidated,Mixed habitat of soft unconsolidated sediment overlying hard consolidated sedimentary bedrock,595.930923918,6752.51166447
175,Sme_c/u,Sediment covered sedimentary bedrock,S,Continental Shelf,m,mixed habitat,,,e,bedrock,c/u,consolidated/unconsolidated,Mixed habitat of soft unconsolidated sediment overlying hard consolidated sedimentary bedrock,418.664685665,4721.24352521
176,Sme_c/u,Sediment covered sedimentary bedrock,S,Continental Shelf,m,mixed habitat,,,e,bedrock,c/u,consolidated/unconsolidated,Mixed habitat of soft unconsolidated sediment overlying hard consolidated sedimentary bedrock,762.612240267,6234.46902604
177,Sme_c/u,Sediment covered sedimentary bedrock,S,Continental Shelf,m,mixed habitat,,,e,bedrock,c/u,consolidated/unconsolidated,Mixed habitat of soft unconsolidated sediment overlying hard consolidated sedimentary bedrock,159.770360209,644.230083237
178,Sme_c/u,Sediment covered sedimentary bedrock,S,Continental Shelf,m,mixed habitat,,,e,bedrock,c/u,consolidated/unconsolidated,Mixed habitat of soft unconsolidated sediment overlying hard consolidated sedimentary bedrock,161.732729554,755.909282861
179,Sme_c/u,Sediment covered sedimentary bedrock,S,Continental Shelf,m,mixed habitat,,,e,bedrock,c/u,consolidated/unconsolidated,Mixed habitat of soft unconsolidated sediment overlying hard consolidated sedimentary bedrock,467.794571035,4882.83951723
180,Sme_c/u,Sediment covered sedimentary bedrock,S,Continental Shelf,m,mixed habitat,,,e,bedrock,c/u,consolidated/unconsolidated,Mixed habitat of soft unconsolidated sediment overlying hard consolidated sedimentary bedrock,77.1848119906,270.917140820
181,Sme_c/u,Sediment covered sedimentary bedrock,S,Continental Shelf,m,mixed habitat,,,e,bedrock,c/u,consolidated/unconsolidated,Mixed habitat of soft unconsolidated sediment overlying hard consolidated sedimentary bedrock,63.5907880454,257.428130042
182,Sme_c/u,Sediment covered sedimentary bedrock,S,Continental Shelf,m,mixed habitat,,,e,bedrock,c/u,consolidated/unconsolidated,Mixed habitat of soft unconsolidated sediment overlying hard consolidated sedimentary bedrock,48.2803716450,122.087631183
183,Sme_c/u,Sediment covered sedimentary bedrock,S,Continental Shelf,m,mixed habitat,,,e,bedrock,c/u,consolidated/unconsolidated,Mixed habitat of soft unconsolidated sediment overlying hard consolidated sedimentary bedrock,313.046207136,1850.36193655
184,Sme_c/u,Sediment covered sedimentary bedrock,S,Continental Shelf,m,mixed habitat,,,e,bedrock,c/u,consolidated/unconsolidated,Mixed habitat of soft unconsolidated sediment overlying hard consolidated sedimentary bedrock,319.733024706,2865.54717795
185,Sme_c/u,Sediment covered sedimentary bedrock,S,Continental Shelf,m,mixed habitat,,,e,bedrock,c/u,consolidated/unconsolidated,Mixed habitat of soft unconsolidated sediment overlying hard consolidated sedimentary bedrock,271.157521260,1775.27470072
186,Sme_c/u,Sediment covered sedimentary bedrock,S,Continental Shelf,m,mixed habitat,,,e,bedrock,c/u,consolidated/unconsolidated,Mixed habitat of soft unconsolidated sediment overlying hard consolidated sedimentary bedrock,196.557759699,702.557341450
187,Sme_c/u,Sediment covered sedimentary bedrock,S,Continental Shelf,m,mixed habitat,,,e,bedrock,c/u,consolidated/unconsolidated,Mixed habitat of soft unconsolidated sediment overlying hard consolidated sedimentary bedrock,267.061016987,1982.19058966
188,Sme_c/u,Sediment covered sedimentary bedrock,S,Continental Shelf,m,mixed habitat,,,e,bedrock,c/u,consolidated/unconsolidated,Mixed habitat of soft unconsolidated sediment overlying hard consolidated sedimentary bedrock,515.679509432,2215.06478276
189,Sme_c/u,Sediment covered sedimentary bedrock,S,Continental Shelf,m,mixed habitat,,,e,bedrock,c/u,consolidated/unconsolidated,Mixed habitat of soft unconsolidated sediment overlying hard consolidated sedimentary bedrock,197.216847707,1334.25732050
190,Sme_c/u,Sediment covered sedimentary bedrock,S,Continental Shelf,m,mixed habitat,,,e,bedrock,c/u,consolidated/unconsolidated,Mixed habitat of soft unconsolidated sediment overlying hard consolidated sedimentary bedrock,400.981564391,4381.18833652
191,Sme_c/u,Sediment covered sedimentary bedrock,S,Continental Shelf,m,mixed habitat,,,e,bedrock,c/u,consolidated/unconsolidated,Mixed habitat of soft unconsolidated sediment overlying hard consolidated sedimentary bedrock,165.692900267,1092.96566118
192,Sme_c/u,Sediment covered sedimentary bedrock,S,Continental Shelf,m,mixed habitat,,,e,bedrock,c/u,consolidated/unconsolidated,Mixed habitat of soft unconsolidated sediment overlying hard consolidated sedimentary bedrock,141.371397058,816.613279188
193,Sme_c/u,Sediment covered sedimentary bedrock,S,Continental Shelf,m,mixed habitat,,,e,bedrock,c/u,consolidated/unconsolidated,Mixed habitat of soft unconsolidated sediment overlying hard consolidated sedimentary bedrock,496.689223646,7047.32467470
194,Sme_c/u,Sediment covered sedimentary bedrock,S,Continental Shelf,m,mixed habitat,,,e,bedrock,c/u,consolidated/unconsolidated,Mixed habitat of soft unconsolidated sediment overlying hard consolidated sedimentary bedrock,1170.02637334,18350.5780703
195,Sme_c/u,Sediment covered sedimentary bedrock,S,Continental Shelf,m,mixed habitat,,,e,bedrock,c/u,consolidated/unconsolidated,Mixed habitat of soft unconsolidated sediment overlying hard consolidated sedimentary bedrock,444.969327885,4035.90748538
196,Sme_c/u,Sediment covered sedimentary bedrock,S,Continental Shelf,m,mixed habitat,,,e,bedrock,c/u,consolidated/unconsolidated,Mixed habitat of soft unconsolidated sediment overlying hard consolidated sedimentary bedrock,263.965152157,2285.39533463
197,Sme_c/u,Sediment covered sedimentary bedrock,S,Continental Shelf,m,mixed habitat,,,e,bedrock,c/u,consolidated/unconsolidated,Mixed habitat of soft unconsolidated sediment overlying hard consolidated sedimentary bedrock,297.797711214,2644.31466226
198,Sme_c/u,Sediment covered sedimentary bedrock,S,Continental Shelf,m,mixed habitat,,,e,bedrock,c/u,consolidated/unconsolidated,Mixed habitat of soft unconsolidated sediment overlying hard consolidated sedimentary bedrock,1596.05092565,19421.6064633
199,Ss(s)_r/u,Unconsolidated sediment (sand),S,Continental Shelf,s,soft,s,sand,,,r/u,rippled/unconsolidated,"Soft unconsolidated sediment (sand), predominantly rippled",5036.14767314,666717.027582
200,Ss(s)_r/u,Unconsolidated sediment (sand),S,Continental Shelf,s,soft,s,sand,,,r/u,rippled/unconsolidated,"Soft unconsolidated sediment (sand), predominantly rippled",4184.94546838,293671.903439
201,Ss(s)_r/u,Unconsolidated sediment (sand),S,Continental Shelf,s,soft,s,sand,,,r/u,rippled/unconsolidated,"Soft unconsolidated sediment (sand), predominantly rippled",4612.83124700,282337.553677
202,Ss(s)_r/u,Unconsolidated sediment (sand),S,Continental Shelf,s,soft,s,sand,,,r/u,rippled/unconsolidated,"Soft unconsolidated sediment (sand), predominantly rippled",1387.25585697,61732.1011041
203,Ss(s)_r/u,Unconsolidated sediment (sand),S,Continental Shelf,s,soft,s,sand,,,r/u,rippled/unconsolidated,"Soft unconsolidated sediment (sand), predominantly rippled",193.042312874,2116.15915982
204,Ss(s)_r/u,Unconsolidated sediment (sand),S,Continental Shelf,s,soft,s,sand,,,r/u,rippled/unconsolidated,"Soft unconsolidated sediment (sand), predominantly rippled",214.881133267,2226.30458223
205,Ss(s)_r/u,Unconsolidated sediment (sand),S,Continental Shelf,s,soft,s,sand,,,r/u,rippled/unconsolidated,"Soft unconsolidated sediment (sand), predominantly rippled",2558.57255805,232107.010814
206,Ss(s)_r/u,Unconsolidated sediment (sand),S,Continental Shelf,s,soft,s,sand,,,r/u,rippled/unconsolidated,"Soft unconsolidated sediment (sand), predominantly rippled",3077.02167345,112566.576888
207,Ss(s)_r/u,Unconsolidated sediment (sand),S,Continental Shelf,s,soft,s,sand,,,r/u,rippled/unconsolidated,"Soft unconsolidated sediment (sand), predominantly rippled",1669.63602422,51817.9169246
208,Ss(s)_r/u,Unconsolidated sediment (sand),S,Continental Shelf,s,soft,s,sand,,,r/u,rippled/unconsolidated,"Soft unconsolidated sediment (sand), predominantly rippled",8145.96320292,1127348.43090
209,Ss(s)_r/u,Unconsolidated sediment (sand),S,Continental Shelf,s,soft,s,sand,,,r/u,rippled/unconsolidated,"Soft unconsolidated sediment (sand), predominantly rippled",119624.822835,59498322.5132
210,Ss(s)_r/u,Unconsolidated sediment (sand),S,Continental Shelf,s,soft,s,sand,,,r/u,rippled/unconsolidated,"Soft unconsolidated sediment (sand), predominantly rippled",497.360070401,6558.92596368
211,Ss(s)_r/u,Unconsolidated sediment (sand),S,Continental Shelf,s,soft,s,sand,,,r/u,rippled/unconsolidated,"Soft unconsolidated sediment (sand), predominantly rippled",736.592685256,10570.1367340
212,Ss(s)m/w_u,Mobile sediment mounds,S,Continental Shelf,s,soft,s,sand,m/w,mound/dynamic bedform,u,unconsolidated,Unconsolidated dynamic mound of sediment (sand),212.644513785,3418.60653167
213,Ss(s)m/w_u,Mobile sediment mounds,S,Continental Shelf,s,soft,s,sand,m/w,mound/dynamic bedform,u,unconsolidated,Unconsolidated dynamic mound of sediment (sand),131.648775353,1036.50704697
214,Ss(s)m/w_u,Mobile sediment mounds,S,Continental Shelf,s,soft,s,sand,m/w,mound/dynamic bedform,u,unconsolidated,Unconsolidated dynamic mound of sediment (sand),428.874642388,5624.95181838
215,Ss(s)m/w_u,Mobile sediment mounds,S,Continental Shelf,s,soft,s,sand,m/w,mound/dynamic bedform,u,unconsolidated,Unconsolidated dynamic mound of sediment (sand),224.123610065,2781.52875976
216,Ss(s)m/w_u,Mobile sediment mounds,S,Continental Shelf,s,soft,s,sand,m/w,mound/dynamic bedform,u,unconsolidated,Unconsolidated dynamic mound of sediment (sand),51.3484846360,167.863559812
217,Ss(s)m/w_u,Mobile sediment mounds,S,Continental Shelf,s,soft,s,sand,m/w,mound/dynamic bedform,u,unconsolidated,Unconsolidated dynamic mound of sediment (sand),112.681195325,632.042395438
218,Ss(s)m/w_u,Mobile sediment mounds,S,Continental Shelf,s,soft,s,sand,m/w,mound/dynamic bedform,u,unconsolidated,Unconsolidated dynamic mound of sediment (sand),2707.15102304,157057.012972
219,Ss(s)m/w_u,Mobile sediment mounds,S,Continental Shelf,s,soft,s,sand,m/w,mound/dynamic bedform,u,unconsolidated,Unconsolidated dynamic mound of sediment (sand),784.302030363,13818.5361878
220,Ss(s)m/w_u,Mobile sediment mounds,S,Continental Shelf,s,soft,s,sand,m/w,mound/dynamic bedform,u,unconsolidated,Unconsolidated dynamic mound of sediment (sand),261.582124586,2204.80953250
221,Ss(s)m/w_u,Mobile sediment mounds,S,Continental Shelf,s,soft,s,sand,m/w,mound/dynamic bedform,u,unconsolidated,Unconsolidated dynamic mound of sediment (sand),237.196469776,2195.28671507
222,Ss(s)m/w_u,Mobile sediment mounds,S,Continental Shelf,s,soft,s,sand,m/w,mound/dynamic bedform,u,unconsolidated,Unconsolidated dynamic mound of sediment (sand),537.565531168,9108.87958143
223,Ss(s)m/w_u,Mobile sediment mounds,S,Continental Shelf,s,soft,s,sand,m/w,mound/dynamic bedform,u,unconsolidated,Unconsolidated dynamic mound of sediment (sand),22998.7635084,2109064.30462
224,Ss(s)m/w_u,Mobile sediment mounds,S,Continental Shelf,s,soft,s,sand,m/w,mound/dynamic bedform,u,unconsolidated,Unconsolidated dynamic mound of sediment (sand),31312.3493143,2090893.64366
225,Ss(s)m/w_u,Mobile sediment mounds,S,Continental Shelf,s,soft,s,sand,m/w,mound/dynamic bedform,u,unconsolidated,Unconsolidated dynamic mound of sediment (sand),130.097500118,768.540601802
226,Ss(s)m/w_u,Mobile sediment mounds,S,Continental Shelf,s,soft,s,sand,m/w,mound/dynamic bedform,u,unconsolidated,Unconsolidated dynamic mound of sediment (sand),214.943446705,2102.19166966
227,Ss(s)m/w_u,Mobile sediment mounds,S,Continental Shelf,s,soft,s,sand,m/w,mound/dynamic bedform,u,unconsolidated,Unconsolidated dynamic mound of sediment (sand),5720.66755647,134065.448085
228,Ss(s)m/w_u,Mobile sediment mounds,S,Continental Shelf,s,soft,s,sand,m/w,mound/dynamic bedform,u,unconsolidated,Unconsolidated dynamic mound of sediment (sand),584.113145381,4006.69476223
229,Ss(s/g)h/w_r/s/u,Rippled scour depressions (sand/gravel),S,Continental Shelf,s,soft,s/g,sand/gravel,h/w,depression/dynamic bedforms,r/s/u,rippled/scoured/unconsolidated,Soft mobile sediment window with unconsolidated and rippled sediment waves overlying scoured lag pavement of sand and gravel on continental shelf,593.590183087,15470.7127305
230,Ss(s/g)h/w_r/s/u,Rippled scour depressions (sand/gravel),S,Continental Shelf,s,soft,s/g,sand/gravel,h/w,depression/dynamic bedforms,r/s/u,rippled/scoured/unconsolidated,Soft mobile sediment window with unconsolidated and rippled sediment waves overlying scoured lag pavement of sand and gravel on continental shelf,680.645337522,10926.5250905
231,Ss(s/g)h/w_r/s/u,Rippled scour depressions (sand/gravel),S,Continental Shelf,s,soft,s/g,sand/gravel,h/w,depression/dynamic bedforms,r/s/u,rippled/scoured/unconsolidated,Soft mobile sediment window with unconsolidated and rippled sediment waves overlying scoured lag pavement of sand and gravel on continental shelf,2600.00376277,56837.2620057
232,Ss(s/g)h/w_r/s/u,Rippled scour depressions (sand/gravel),S,Continental Shelf,s,soft,s/g,sand/gravel,h/w,depression/dynamic bedforms,r/s/u,rippled/scoured/unconsolidated,Soft mobile sediment window with unconsolidated and rippled sediment waves overlying scoured lag pavement of sand and gravel on continental shelf,311.457584888,6050.78576830
233,Ss(s/g)h/w_r/s/u,Rippled scour depressions (sand/gravel),S,Continental Shelf,s,soft,s/g,sand/gravel,h/w,depression/dynamic bedforms,r/s/u,rippled/scoured/unconsolidated,Soft mobile sediment window with unconsolidated and rippled sediment waves overlying scoured lag pavement of sand and gravel on continental shelf,4372.60821780,187721.397286
234,Ss(s/g)h/w_r/s/u,Rippled scour depressions (sand/gravel),S,Continental Shelf,s,soft,s/g,sand/gravel,h/w,depression/dynamic bedforms,r/s/u,rippled/scoured/unconsolidated,Soft mobile sediment window with unconsolidated and rippled sediment waves overlying scoured lag pavement of sand and gravel on continental shelf,916.904132592,27628.0250939
235,Ss(s/g)h/w_r/s/u,Rippled scour depressions (sand/gravel),S,Continental Shelf,s,soft,s/g,sand/gravel,h/w,depression/dynamic bedforms,r/s/u,rippled/scoured/unconsolidated,Soft mobile sediment window with unconsolidated and rippled sediment waves overlying scoured lag pavement of sand and gravel on continental shelf,953.481402798,20872.6427622
236,Ss(s/g)h/w_r/s/u,Rippled scour depressions (sand/gravel),S,Continental Shelf,s,soft,s/g,sand/gravel,h/w,depression/dynamic bedforms,r/s/u,rippled/scoured/unconsolidated,Soft mobile sediment window with unconsolidated and rippled sediment waves overlying scoured lag pavement of sand and gravel on continental shelf,535.474722496,10496.2031095
237,Ss(s/g)h/w_r/s/u,Rippled scour depressions (sand/gravel),S,Continental Shelf,s,soft,s/g,sand/gravel,h/w,depression/dynamic bedforms,r/s/u,rippled/scoured/unconsolidated,Soft mobile sediment window with unconsolidated and rippled sediment waves overlying scoured lag pavement of sand and gravel on continental shelf,200.019306644,1811.37771874
238,Ss(s/g)h/w_r/s/u,Rippled scour depressions (sand/gravel),S,Continental Shelf,s,soft,s/g,sand/gravel,h/w,depression/dynamic bedforms,r/s/u,rippled/scoured/unconsolidated,Soft mobile sediment window with unconsolidated and rippled sediment waves overlying scoured lag pavement of sand and gravel on continental shelf,254.592110587,3188.20665496
239,Ss(s/g)h/w_r/s/u,Rippled scour depressions (sand/gravel),S,Continental Shelf,s,soft,s/g,sand/gravel,h/w,depression/dynamic bedforms,r/s/u,rippled/scoured/unconsolidated,Soft mobile sediment window with unconsolidated and rippled sediment waves overlying scoured lag pavement of sand and gravel on continental shelf,292.250400232,4384.38129434
240,Ss(s/g)h/w_r/s/u,Rippled scour depressions (sand/gravel),S,Continental Shelf,s,soft,s/g,sand/gravel,h/w,depression/dynamic bedforms,r/s/u,rippled/scoured/unconsolidated,Soft mobile sediment window with unconsolidated and rippled sediment waves overlying scoured lag pavement of sand and gravel on continental shelf,12601.9986775,566925.024011
241,Ss(s/g)h/w_r/s/u,Rippled scour depressions (sand/gravel),S,Continental Shelf,s,soft,s/g,sand/gravel,h/w,depression/dynamic bedforms,r/s/u,rippled/scoured/unconsolidated,Soft mobile sediment window with unconsolidated and rippled sediment waves overlying scoured lag pavement of sand and gravel on continental shelf,372.079036323,7219.88099039
242,Ss(s/g)h/w_r/s/u,Rippled scour depressions (sand/gravel),S,Continental Shelf,s,soft,s/g,sand/gravel,h/w,depression/dynamic bedforms,r/s/u,rippled/scoured/unconsolidated,Soft mobile sediment window with unconsolidated and rippled sediment waves overlying scoured lag pavement of sand and gravel on continental shelf,481.599697789,12684.8767087
243,Ss(s/g)h/w_r/s/u,Rippled scour depressions (sand/gravel),S,Continental Shelf,s,soft,s/g,sand/gravel,h/w,depression/dynamic bedforms,r/s/u,rippled/scoured/unconsolidated,Soft mobile sediment window with unconsolidated and rippled sediment waves overlying scoured lag pavement of sand and gravel on continental shelf,1083.28866375,15357.1303783
244,Ss(s/g)h/w_r/s/u,Rippled scour depressions (sand/gravel),S,Continental Shelf,s,soft,s/g,sand/gravel,h/w,depression/dynamic bedforms,r/s/u,rippled/scoured/unconsolidated,Soft mobile sediment window with unconsolidated and rippled sediment waves overlying scoured lag pavement of sand and gravel on continental shelf,1229.05249926,26827.5595578
245,Ss(s/g)h/w_r/s/u,Rippled scour depressions (sand/gravel),S,Continental Shelf,s,soft,s/g,sand/gravel,h/w,depression/dynamic bedforms,r/s/u,rippled/scoured/unconsolidated,Soft mobile sediment window with unconsolidated and rippled sediment waves overlying scoured lag pavement of sand and gravel on continental shelf,4059.41434079,191796.423185
246,Ss(s/g)h/w_r/s/u,Rippled scour depressions (sand/gravel),S,Continental Shelf,s,soft,s/g,sand/gravel,h/w,depression/dynamic bedforms,r/s/u,rippled/scoured/unconsolidated,Soft mobile sediment window with unconsolidated and rippled sediment waves overlying scoured lag pavement of sand and gravel on continental shelf,2266.06978230,72738.5793084
247,Ss(s/g)h/w_r/s/u,Rippled scour depressions (sand/gravel),S,Continental Shelf,s,soft,s/g,sand/gravel,h/w,depression/dynamic bedforms,r/s/u,rippled/scoured/unconsolidated,Soft mobile sediment window with unconsolidated and rippled sediment waves overlying scoured lag pavement of sand and gravel on continental shelf,277.382229270,4048.55499170
248,Ss(s/g)h/w_r/s/u,Rippled scour depressions (sand/gravel),S,Continental Shelf,s,soft,s/g,sand/gravel,h/w,depression/dynamic bedforms,r/s/u,rippled/scoured/unconsolidated,Soft mobile sediment window with unconsolidated and rippled sediment waves overlying scoured lag pavement of sand and gravel on continental shelf,407.538166381,3967.66778474
249,Ss(s/g)h/w_r/s/u,Rippled scour depressions (sand/gravel),S,Continental Shelf,s,soft,s/g,sand/gravel,h/w,depression/dynamic bedforms,r/s/u,rippled/scoured/unconsolidated,Soft mobile sediment window with unconsolidated and rippled sediment waves overlying scoured lag pavement of sand and gravel on continental shelf,878.730620705,15056.2824254
250,Ss(s/g)h/w_r/s/u,Rippled scour depressions (sand/gravel),S,Continental Shelf,s,soft,s/g,sand/gravel,h/w,depression/dynamic bedforms,r/s/u,rippled/scoured/unconsolidated,Soft mobile sediment window with unconsolidated and rippled sediment waves overlying scoured lag pavement of sand and gravel on continental shelf,904.936453165,22253.8641424
251,Ss(s/g)h/w_r/s/u,Rippled scour depressions (sand/gravel),S,Continental Shelf,s,soft,s/g,sand/gravel,h/w,depression/dynamic bedforms,r/s/u,rippled/scoured/unconsolidated,Soft mobile sediment window with unconsolidated and rippled sediment waves overlying scoured lag pavement of sand and gravel on continental shelf,321.964180229,3472.04042083
252,Ss(s/g)h/w_r/s/u,Rippled scour depressions (sand/gravel),S,Continental Shelf,s,soft,s/g,sand/gravel,h/w,depression/dynamic bedforms,r/s/u,rippled/scoured/unconsolidated,Soft mobile sediment window with unconsolidated and rippled sediment waves overlying scoured lag pavement of sand and gravel on continental shelf,2292.05261395,71642.4314738
253,Ss(s/g)h/w_r/s/u,Rippled scour depressions (sand/gravel),S,Continental Shelf,s,soft,s/g,sand/gravel,h/w,depression/dynamic bedforms,r/s/u,rippled/scoured/unconsolidated,Soft mobile sediment window with unconsolidated and rippled sediment waves overlying scoured lag pavement of sand and gravel on continental shelf,578.737856745,6874.80976336
254,Ss(s/g)h/w_r/s/u,Rippled scour depressions (sand/gravel),S,Continental Shelf,s,soft,s/g,sand/gravel,h/w,depression/dynamic bedforms,r/s/u,rippled/scoured/unconsolidated,Soft mobile sediment window with unconsolidated and rippled sediment waves overlying scoured lag pavement of sand and gravel on continental shelf,2049.19091754,54519.6529745
255,Ss(s/g)h/w_r/s/u,Rippled scour depressions (sand/gravel),S,Continental Shelf,s,soft,s/g,sand/gravel,h/w,depression/dynamic bedforms,r/s/u,rippled/scoured/unconsolidated,Soft mobile sediment window with unconsolidated and rippled sediment waves overlying scoured lag pavement of sand and gravel on continental shelf,163.495947684,610.134428012
256,Ss(s/g)h/w_r/s/u,Rippled scour depressions (sand/gravel),S,Continental Shelf,s,soft,s/g,sand/gravel,h/w,depression/dynamic bedforms,r/s/u,rippled/scoured/unconsolidated,Soft mobile sediment window with unconsolidated and rippled sediment waves overlying scoured lag pavement of sand and gravel on continental shelf,562.161116917,6057.16639978
257,Ss(s/g)h/w_r/s/u,Rippled scour depressions (sand/gravel),S,Continental Shelf,s,soft,s/g,sand/gravel,h/w,depression/dynamic bedforms,r/s/u,rippled/scoured/unconsolidated,Soft mobile sediment window with unconsolidated and rippled sediment waves overlying scoured lag pavement of sand and gravel on continental shelf,1884.53103595,49480.3021306
258,Ss(s/g)h/w_r/s/u,Rippled scour depressions (sand/gravel),S,Continental Shelf,s,soft,s/g,sand/gravel,h/w,depression/dynamic bedforms,r/s/u,rippled/scoured/unconsolidated,Soft mobile sediment window with unconsolidated and rippled sediment waves overlying scoured lag pavement of sand and gravel on continental shelf,281.688992528,5295.64320368
259,Ss(s/g)h/w_r/s/u,Rippled scour depressions (sand/gravel),S,Continental Shelf,s,soft,s/g,sand/gravel,h/w,depression/dynamic bedforms,r/s/u,rippled/scoured/unconsolidated,Soft mobile sediment window with unconsolidated and rippled sediment waves overlying scoured lag pavement of sand and gravel on continental shelf,819.206039295,6602.02304912
260,Ss(s/g)h/w_r/s/u,Rippled scour depressions (sand/gravel),S,Continental Shelf,s,soft,s/g,sand/gravel,h/w,depression/dynamic bedforms,r/s/u,rippled/scoured/unconsolidated,Soft mobile sediment window with unconsolidated and rippled sediment waves overlying scoured lag pavement of sand and gravel on continental shelf,283.825972115,3472.97734413
261,Ss(s/g)h/w_r/s/u,Rippled scour depressions (sand/gravel),S,Continental Shelf,s,soft,s/g,sand/gravel,h/w,depression/dynamic bedforms,r/s/u,rippled/scoured/unconsolidated,Soft mobile sediment window with unconsolidated and rippled sediment waves overlying scoured lag pavement of sand and gravel on continental shelf,493.618826244,5178.66178440
262,Ss(s/g)h/w_r/s/u,Rippled scour depressions (sand/gravel),S,Continental Shelf,s,soft,s/g,sand/gravel,h/w,depression/dynamic bedforms,r/s/u,rippled/scoured/unconsolidated,Soft mobile sediment window with unconsolidated and rippled sediment waves overlying scoured lag pavement of sand and gravel on continental shelf,528.872328393,13238.8536463
263,Ss(s/g)h/w_r/s/u,Rippled scour depressions (sand/gravel),S,Continental Shelf,s,soft,s/g,sand/gravel,h/w,depression/dynamic bedforms,r/s/u,rippled/scoured/unconsolidated,Soft mobile sediment window with unconsolidated and rippled sediment waves overlying scoured lag pavement of sand and gravel on continental shelf,1626.67291701,46140.9148655
264,Ss(s/g)h/w_r/s/u,Rippled scour depressions (sand/gravel),S,Continental Shelf,s,soft,s/g,sand/gravel,h/w,depression/dynamic bedforms,r/s/u,rippled/scoured/unconsolidated,Soft mobile sediment window with unconsolidated and rippled sediment waves overlying scoured lag pavement of sand and gravel on continental shelf,235.506312128,3519.27267602
265,Ss(s/g)h/w_r/s/u,Rippled scour depressions (sand/gravel),S,Continental Shelf,s,soft,s/g,sand/gravel,h/w,depression/dynamic bedforms,r/s/u,rippled/scoured/unconsolidated,Soft mobile sediment window with unconsolidated and rippled sediment waves overlying scoured lag pavement of sand and gravel on continental shelf,555.307350586,13506.3565923
266,Ss(s/g)h/w_r/s/u,Rippled scour depressions (sand/gravel),S,Continental Shelf,s,soft,s/g,sand/gravel,h/w,depression/dynamic bedforms,r/s/u,rippled/scoured/unconsolidated,Soft mobile sediment window with unconsolidated and rippled sediment waves overlying scoured lag pavement of sand and gravel on continental shelf,2080.01321724,32241.7762795
267,Ss(s/g)h/w_r/s/u,Rippled scour depressions (sand/gravel),S,Continental Shelf,s,soft,s/g,sand/gravel,h/w,depression/dynamic bedforms,r/s/u,rippled/scoured/unconsolidated,Soft mobile sediment window with unconsolidated and rippled sediment waves overlying scoured lag pavement of sand and gravel on continental shelf,193.166013929,1018.36669871
268,Ss(s/g)h/w_r/s/u,Rippled scour depressions (sand/gravel),S,Continental Shelf,s,soft,s/g,sand/gravel,h/w,depression/dynamic bedforms,r/s/u,rippled/scoured/unconsolidated,Soft mobile sediment window with unconsolidated and rippled sediment waves overlying scoured lag pavement of sand and gravel on continental shelf,205.412220994,954.590863228
269,Ss(s/g)h/w_r/s/u,Rippled scour depressions (sand/gravel),S,Continental Shelf,s,soft,s/g,sand/gravel,h/w,depression/dynamic bedforms,r/s/u,rippled/scoured/unconsolidated,Soft mobile sediment window with unconsolidated and rippled sediment waves overlying scoured lag pavement of sand and gravel on continental shelf,121.467175331,526.788236368
270,Ss(s/g)h/w_r/s/u,Rippled scour depressions (sand/gravel),S,Continental Shelf,s,soft,s/g,sand/gravel,h/w,depression/dynamic bedforms,r/s/u,rippled/scoured/unconsolidated,Soft mobile sediment window with unconsolidated and rippled sediment waves overlying scoured lag pavement of sand and gravel on continental shelf,143.094456101,830.517256346
271,Ss(s/g)h/w_r/s/u,Rippled scour depressions (sand/gravel),S,Continental Shelf,s,soft,s/g,sand/gravel,h/w,depression/dynamic bedforms,r/s/u,rippled/scoured/unconsolidated,Soft mobile sediment window with unconsolidated and rippled sediment waves overlying scoured lag pavement of sand and gravel on continental shelf,149.090624588,636.893808537
272,Ss(s/g)h/w_r/s/u,Rippled scour depressions (sand/gravel),S,Continental Shelf,s,soft,s/g,sand/gravel,h/w,depression/dynamic bedforms,r/s/u,rippled/scoured/unconsolidated,Soft mobile sediment window with unconsolidated and rippled sediment waves overlying scoured lag pavement of sand and gravel on continental shelf,918.097476501,7635.27691683
273,Ss(s/g)h/w_r/s/u,Rippled scour depressions (sand/gravel),S,Continental Shelf,s,soft,s/g,sand/gravel,h/w,depression/dynamic bedforms,r/s/u,rippled/scoured/unconsolidated,Soft mobile sediment window with unconsolidated and rippled sediment waves overlying scoured lag pavement of sand and gravel on continental shelf,85.5759600866,212.119570672
274,Ss(s/g)h/w_r/s/u,Rippled scour depressions (sand/gravel),S,Continental Shelf,s,soft,s/g,sand/gravel,h/w,depression/dynamic bedforms,r/s/u,rippled/scoured/unconsolidated,Soft mobile sediment window with unconsolidated and rippled sediment waves overlying scoured lag pavement of sand and gravel on continental shelf,210.163726883,833.202513944
275,Ss(s/g)h/w_r/s/u,Rippled scour depressions (sand/gravel),S,Continental Shelf,s,soft,s/g,sand/gravel,h/w,depression/dynamic bedforms,r/s/u,rippled/scoured/unconsolidated,Soft mobile sediment window with unconsolidated and rippled sediment waves overlying scoured lag pavement of sand and gravel on continental shelf,52.9531584541,106.902995801
276,Ss(s/g)h/w_r/s/u,Rippled scour depressions (sand/gravel),S,Continental Shelf,s,soft,s/g,sand/gravel,h/w,depression/dynamic bedforms,r/s/u,rippled/scoured/unconsolidated,Soft mobile sediment window with unconsolidated and rippled sediment waves overlying scoured lag pavement of sand and gravel on continental shelf,2.59484066144,0.0608780804135
277,Ss(s/g)h/w_r/s/u,Rippled scour depressions (sand/gravel),S,Continental Shelf,s,soft,s/g,sand/gravel,h/w,depression/dynamic bedforms,r/s/u,rippled/scoured/unconsolidated,Soft mobile sediment window with unconsolidated and rippled sediment waves overlying scoured lag pavement of sand and gravel on continental shelf,209.723537611,1437.26278436
278,Ss(s/g)h/w_r/s/u,Rippled scour depressions (sand/gravel),S,Continental Shelf,s,soft,s/g,sand/gravel,h/w,depression/dynamic bedforms,r/s/u,rippled/scoured/unconsolidated,Soft mobile sediment window with unconsolidated and rippled sediment waves overlying scoured lag pavement of sand and gravel on continental shelf,49.5318921244,28.6053443647
279,Ss(s/g)h/w_r/s/u,Rippled scour depressions (sand/gravel),S,Continental Shelf,s,soft,s/g,sand/gravel,h/w,depression/dynamic bedforms,r/s/u,rippled/scoured/unconsolidated,Soft mobile sediment window with unconsolidated and rippled sediment waves overlying scoured lag pavement of sand and gravel on continental shelf,128.916820836,896.899408834
280,Ss(s/g)h/w_r/s/u,Rippled scour depressions (sand/gravel),S,Continental Shelf,s,soft,s/g,sand/gravel,h/w,depression/dynamic bedforms,r/s/u,rippled/scoured/unconsolidated,Soft mobile sediment window with unconsolidated and rippled sediment waves overlying scoured lag pavement of sand and gravel on continental shelf,1372.80125251,14085.5827597
281,Shd_c/d/f,Deformed sedimentary bedrock outcrop,S,Continental Shelf,h,hard,,,d,"deformed, tilted and folded bedrock, overhangs",c/d/f,consolidated/differentially eroded/fractured,"Faulted, fractured, differentially eroded, and deformed sedimentary bedrock on continental shelf",257.699379499,3718.64681220
282,Shd_c/d/f,Deformed sedimentary bedrock outcrop,S,Continental Shelf,h,hard,,,d,"deformed, tilted and folded bedrock, overhangs",c/d/f,consolidated/differentially eroded/fractured,"Faulted, fractured, differentially eroded, and deformed sedimentary bedrock on continental shelf",290.123495516,2984.43595320
283,Shd_c/d/f,Deformed sedimentary bedrock outcrop,S,Continental Shelf,h,hard,,,d,"deformed, tilted and folded bedrock, overhangs",c/d/f,consolidated/differentially eroded/fractured,"Faulted, fractured, differentially eroded, and deformed sedimentary bedrock on continental shelf",84.6417376391,512.713569738
284,Shd_c/d/f,Deformed sedimentary bedrock outcrop,S,Continental Shelf,h,hard,,,d,"deformed, tilted and folded bedrock, overhangs",c/d/f,consolidated/differentially eroded/fractured,"Faulted, fractured, differentially eroded, and deformed sedimentary bedrock on continental shelf",2968.03157930,140120.289336
285,Sme_c/u,Sediment covered sedimentary bedrock,S,Continental Shelf,m,mixed habitat,,,e,bedrock,c/u,consolidated/unconsolidated,Mixed habitat of soft unconsolidated sediment overlying hard consolidated sedimentary bedrock,490.713457897,7598.18556515
286,Ss(s)_r/u,Unconsolidated sediment (sand),S,Continental Shelf,s,soft,s,sand,,,r/u,rippled/unconsolidated,"Soft unconsolidated sediment (sand), predominantly rippled",1455.01125044,32875.4733403
287,Ss(s/g)_r/u,Unconsolidated hummocky coarse sediment (sand/gravel),S,Continental Shelf,s,soft,s/g,sand/gravel,,,h/u,hummocky/unconsolidated,Soft unconsolidated hummocky sediment (sand/gravel),6992.96519573,372813.472773
288,Ss(s/g)_r/u,Unconsolidated hummocky coarse sediment (sand/gravel),S,Continental Shelf,s,soft,s/g,sand/gravel,,,h/u,hummocky/unconsolidated,Soft unconsolidated hummocky sediment (sand/gravel),1440.63440136,39636.5379047
289,Shd_c/d/f,Deformed sedimentary bedrock outcrop,S,Continental Shelf,h,hard,,,d,"deformed, tilted and folded bedrock, overhangs",c/d/f,consolidated/differentially eroded/fractured,"Faulted, fractured, differentially eroded, and deformed sedimentary bedrock on continental shelf",318.915356765,2599.55276060
290,Shd_c/d/f,Deformed sedimentary bedrock outcrop,S,Continental Shelf,h,hard,,,d,"deformed, tilted and folded bedrock, overhangs",c/d/f,consolidated/differentially eroded/fractured,"Faulted, fractured, differentially eroded, and deformed sedimentary bedrock on continental shelf",190.013952019,2112.21310078
291,Shd_c/d/f,Deformed sedimentary bedrock outcrop,S,Continental Shelf,h,hard,,,d,"deformed, tilted and folded bedrock, overhangs",c/d/f,consolidated/differentially eroded/fractured,"Faulted, fractured, differentially eroded, and deformed sedimentary bedrock on continental shelf",123.316270195,953.251919375
292,Shd_c/d/f,Deformed sedimentary bedrock outcrop,S,Continental Shelf,h,hard,,,d,"deformed, tilted and folded bedrock, overhangs",c/d/f,consolidated/differentially eroded/fractured,"Faulted, fractured, differentially eroded, and deformed sedimentary bedrock on continental shelf",285.570301717,2011.40827955
293,Shd_c/d/f,Deformed sedimentary bedrock outcrop,S,Continental Shelf,h,hard,,,d,"deformed, tilted and folded bedrock, overhangs",c/d/f,consolidated/differentially eroded/fractured,"Faulted, fractured, differentially eroded, and deformed sedimentary bedrock on continental shelf",6935.93766096,498829.315413
294,Sme_c/u,Sediment covered sedimentary bedrock,S,Continental Shelf,m,mixed habitat,,,e,bedrock,c/u,consolidated/unconsolidated,Mixed habitat of soft unconsolidated sediment overlying hard consolidated sedimentary bedrock,2341.62241040,74329.3745287
295,Sme_c/u,Sediment covered sedimentary bedrock,S,Continental Shelf,m,mixed habitat,,,e,bedrock,c/u,consolidated/unconsolidated,Mixed habitat of soft unconsolidated sediment overlying hard consolidated sedimentary bedrock,3747.47857976,449315.769604
296,Sme_c/u,Sediment covered sedimentary bedrock,S,Continental Shelf,m,mixed habitat,,,e,bedrock,c/u,consolidated/unconsolidated,Mixed habitat of soft unconsolidated sediment overlying hard consolidated sedimentary bedrock,4825.19072232,264876.415457
297,Sh(b)/p_c,Boulder or Pinnacle,S,Continental Shelf,h,hard,b,boulder,p,pinnacle,c,consolidated,Boulder or pinnacle of hard sedimentary rock on continental shelf,63.5820934691,291.024467555
298,Sh(b)/p_c,Boulder or Pinnacle,S,Continental Shelf,h,hard,b,boulder,p,pinnacle,c,consolidated,Boulder or pinnacle of hard sedimentary rock on continental shelf,70.2733283177,238.710200658
299,Sh(b)/p_c,Boulder or Pinnacle,S,Continental Shelf,h,hard,b,boulder,p,pinnacle,c,consolidated,Boulder or pinnacle of hard sedimentary rock on continental shelf,64.2871569786,255.166931560
300,Sh(b)/p_c,Boulder or Pinnacle,S,Continental Shelf,h,hard,b,boulder,p,pinnacle,c,consolidated,Boulder or pinnacle of hard sedimentary rock on continental shelf,87.6135819604,388.736324086
301,Sh(b)/p_c,Boulder or Pinnacle,S,Continental Shelf,h,hard,b,boulder,p,pinnacle,c,consolidated,Boulder or pinnacle of hard sedimentary rock on continental shelf,69.7215670879,288.769061209
302,Sh(b)/p_c,Boulder or Pinnacle,S,Continental Shelf,h,hard,b,boulder,p,pinnacle,c,consolidated,Boulder or pinnacle of hard sedimentary rock on continental shelf,56.2758636234,217.294045479
303,Sh(b)/p_c,Boulder or Pinnacle,S,Continental Shelf,h,hard,b,boulder,p,pinnacle,c,consolidated,Boulder or pinnacle of hard sedimentary rock on continental shelf,49.9295620586,176.831386879
304,Sh(b)/p_c,Boulder or Pinnacle,S,Continental Shelf,h,hard,b,boulder,p,pinnacle,c,consolidated,Boulder or pinnacle of hard sedimentary rock on continental shelf,39.8269091652,112.318247708
305,Sh(b)/p_c,Boulder or Pinnacle,S,Continental Shelf,h,hard,b,boulder,p,pinnacle,c,consolidated,Boulder or pinnacle of hard sedimentary rock on continental shelf,41.2051140537,120.211038335
306,Sh(b)/p_c,Boulder or Pinnacle,S,Continental Shelf,h,hard,b,boulder,p,pinnacle,c,consolidated,Boulder or pinnacle of hard sedimentary rock on continental shelf,60.8236444570,206.794161736
307,Sh(b)/p_c,Boulder or Pinnacle,S,Continental Shelf,h,hard,b,boulder,p,pinnacle,c,consolidated,Boulder or pinnacle of hard sedimentary rock on continental shelf,46.5109095247,140.446240756
