id,name,parentlayerid,defaultvisibility,sublayerids,minscale,maxscale
0,Aqua regia for Agricultural Land_Ap Samples,-1,TRUE,"[1,2,3,4,5,6,7,8,9,10,11,12,13,14,15,16,17,18,19,20,21,22,23,24,25,26,27,28,29,30,31,32,33,34,35,36,37,38,39,40,41,42,43,44,45,46,47,48,49,50,51,52,53]",FALSE,FALSE
1,Ag_Silver_Ap_AquaRegia,0,TRUE,,FALSE,FALSE
2,Al_Alluminium_Ap_AquaRegia,0,FALSE,,FALSE,FALSE
3,As_Arsenic_Ap_AquaRegia,0,FALSE,,FALSE,FALSE
4,Au_Gold_Ap_AquaRegia,0,FALSE,,FALSE,FALSE
5,B_Boron_Ap_AquaRegia,0,FALSE,,FALSE,FALSE
6,Ba_Barium_Ap_AquaRegia,0,FALSE,,FALSE,FALSE
7,Bi_Bismuth_Ap_AquaRegia,0,FALSE,,FALSE,FALSE
8,Be_Beryllium_Ap_AquaRegia,0,FALSE,,FALSE,FALSE
9,Ca_Calcium_AP_AquaRegia,0,FALSE,,FALSE,FALSE
10,Cd_Cadmium_Ap_AquaRegia,0,FALSE,,FALSE,FALSE
11,Ce_Cerium_Ap_AquaRegia,0,FALSE,,FALSE,FALSE
12,Co_Cobalt_Ap_AquaRegia,0,FALSE,,FALSE,FALSE
13,Cr_Chromium_Ap_AquaRegia,0,FALSE,,FALSE,FALSE
14,Cs_Caesium_Ap_AquaRegia,0,FALSE,,FALSE,FALSE
15,Cu_Copper_Ap_AquaRegia,0,FALSE,,FALSE,FALSE
16,Fe_Iron_AP_AquaRegia,0,FALSE,,FALSE,FALSE
17,Ga_Gallium_AP_AquaRegia,0,FALSE,,FALSE,FALSE
18,Ge_Germanium_Ap_AquaRegia,0,FALSE,,FALSE,FALSE
19,Hf_Hafnium_Ap_AquaRegia,0,FALSE,,FALSE,FALSE
20,Hg_Mercury_Ap_AquaRegia,0,FALSE,,FALSE,FALSE
21,In_Indium_Ap_AquaRegia,0,FALSE,,FALSE,FALSE
22,K_Potassium_Ap_AquaRegia,0,FALSE,,FALSE,FALSE
23,La_Lanthanum_Ap_AquaRegia,0,FALSE,,FALSE,FALSE
24,Li_Lithium_Ap_AquaRegia,0,FALSE,,FALSE,FALSE
25,Mg_Magnesium_Ap_AquaRegia,0,FALSE,,FALSE,FALSE
26,Mn_Manganese_Ap_AquaRegia,0,FALSE,,FALSE,FALSE
27,Mo_Molybdenum_Ap_AquaRegia,0,FALSE,,FALSE,FALSE
28,Na_Sodium_Ap_AquaRegia,0,FALSE,,FALSE,FALSE
29,Nb_Niobium_Ap_AquaRegia,0,FALSE,,FALSE,FALSE
30,Ni_Nickel_Ap_AquaRegia,0,FALSE,,FALSE,FALSE
31,P_Phosphorus_Ap_AquaRegia,0,FALSE,,FALSE,FALSE
32,Pb_Lead_Ap_AquaRegia,0,FALSE,,FALSE,FALSE
33,Pd_Palladium_Ap_AquaRegia,0,FALSE,,FALSE,FALSE
34,Pt_Platinum_Ap_AquaRegia,0,FALSE,,FALSE,FALSE
35,Rb_Rubidium_Ap_AquaRegia,0,FALSE,,FALSE,FALSE
36,Re_Rhenium_Ap_AquaRegia,0,FALSE,,FALSE,FALSE
37,S_Sulphur_Ap_AquaRegia,0,FALSE,,FALSE,FALSE
38,Sb_Antimony_Ap_AquaRegia,0,FALSE,,FALSE,FALSE
39,Sc_Scandium_Ap_AquaRegia,0,FALSE,,FALSE,FALSE
40,Se_Selenium_Ap_AquaRegia,0,FALSE,,FALSE,FALSE
41,Sn_Tin_Ap_AquaRegia,0,FALSE,,FALSE,FALSE
42,Sr_Strontium_Ap_AquaRegia,0,FALSE,,FALSE,FALSE
43,Ta_Tantalum_Ap_AquaRegia,0,FALSE,,FALSE,FALSE
44,Te_Tellurium_Ap_AquaRegia,0,FALSE,,FALSE,FALSE
45,Th_Thorium_Ap_AquaRegia,0,FALSE,,FALSE,FALSE
46,Ti_Titanium_Ap_AquaRegia,0,FALSE,,FALSE,FALSE
47,Tl_Thallium_Ap_AquaRegia,0,FALSE,,FALSE,FALSE
48,U_Uranium_Ap_AquaRegia,0,FALSE,,FALSE,FALSE
49,V_Vanadium_Ap_AquaRegia,0,FALSE,,FALSE,FALSE
50,W_Tungsten_Ap_AquaRegia,0,FALSE,,FALSE,FALSE
51,Y_Yttrium_Ap_AquaRegia,0,FALSE,,FALSE,FALSE
52,Zn_Zinc_Ap_AquaRegia,0,FALSE,,FALSE,FALSE
53,Zr_Zirconium_Ap_AquaRegia,0,FALSE,,FALSE,FALSE
54,Aqua regia for Grazing Land_Gr Samples,-1,FALSE,"[55,56,57,58,59,60,61,62,63,64,65,66,67,68,69,70,71,72,73,74,75,76,77,78,79,80,81,82,83,84,85,86,87,88,89,90,91,92,93,94,95,96,97,98,99,100,101,102,103,104,105,106,107]",FALSE,FALSE
55,Ag_Silver_Gr_AquaRegia ,54,TRUE,,FALSE,FALSE
56,Al_Alluminium_Gr_AquaRegia  ,54,FALSE,,FALSE,FALSE
57,As_Arsenic_Gr_AquaRegia  mg/kg,54,FALSE,,FALSE,FALSE
58,Au_Gold_Gr_AquaRegia  mg/kg,54,FALSE,,FALSE,FALSE
59,B_Boron_Gr_AquaRegia  mg/kg,54,FALSE,,FALSE,FALSE
60,Ba_Barium_Gr_AquaRegia  mg/kg,54,FALSE,,FALSE,FALSE
61,Be_Berillium_Gr_AquaRegia  mg/kg,54,FALSE,,FALSE,FALSE
62,Bi_Bismuth_Gr_AquaRegia  mg/kg,54,FALSE,,FALSE,FALSE
63,Ca_Calcium_Gr_AquaRegia  mg/kg,54,FALSE,,FALSE,FALSE
64,Cd_Cadmium_Gr_AquaRegia  mg/kg,54,FALSE,,FALSE,FALSE
65,Ce_Cerium_Gr_AquaRegia  mg/kg,54,FALSE,,FALSE,FALSE
66,Co_Cobalt_Gr_AquaRegia  mg/kg,54,FALSE,,FALSE,FALSE
67,Cr_Chromium_Gr_AquaRegia  mg/kg,54,FALSE,,FALSE,FALSE
68,Cs_Caesium_Gr_AquaRegia  mg/kg,54,FALSE,,FALSE,FALSE
69,Cu_Copper_Gr_AquaRegia  mg/kg,54,FALSE,,FALSE,FALSE
70,Fe_Iron_Gr_AquaRegia  mg/kg,54,FALSE,,FALSE,FALSE
71,Ga_Gallium_Gr_AquaRegia  mg/kg,54,FALSE,,FALSE,FALSE
72,Ge_Germanium_GR_AquaRegia  mg/kg,54,FALSE,,FALSE,FALSE
73,Hf_Hafnium_Gr_AquaRegia  mg/kg,54,FALSE,,FALSE,FALSE
74,Hg_Mercury_Gr_AquaRegia  mg/kg,54,FALSE,,FALSE,FALSE
75,In_Indium_Gr_AquaRegia  mg/kg,54,FALSE,,FALSE,FALSE
76,K_Potassium_Gr_AquaRegia  mg/kg,54,FALSE,,FALSE,FALSE
77,La_Lanthanum_Gr_AquaRegia  mg/kg,54,FALSE,,FALSE,FALSE
78,Li_Lithium_GR_AquaRegia  mg/kg,54,FALSE,,FALSE,FALSE
79,Mg_Magnesium_Gr_AquaRegia  mg/kg,54,FALSE,,FALSE,FALSE
80,Mn_Manganese_Gr_AquaRegia  mg/kg,54,FALSE,,FALSE,FALSE
81,Mo_Molybdenum_Gr_AquaRegia  mg/kg,54,FALSE,,FALSE,FALSE
82,Na_Sodium_Gr_AquaRegia  mg/kg,54,FALSE,,FALSE,FALSE
83,Nb_Niobium_Gr_AquaRegia  mg/kg,54,FALSE,,FALSE,FALSE
84,Ni_Nickel_Gr_AquaRegia  mg/kg,54,FALSE,,FALSE,FALSE
85,P_Potassium_Gr_AquaRegia  mg/kg,54,FALSE,,FALSE,FALSE
86,Pb_Lead_Gr_AquaRegia  mg/kg,54,FALSE,,FALSE,FALSE
87,Pd_Palladium_Gr_AquaRegia  mg/kg,54,FALSE,,FALSE,FALSE
88,Pt_Platinum_Gr_AquaRegia  mg/kg,54,FALSE,,FALSE,FALSE
89,Rb_Rubidium_Gr_AquaRegia  mg/kg,54,FALSE,,FALSE,FALSE
90,Re_Rhenium_Gr_AquaRegia  mg/kg,54,FALSE,,FALSE,FALSE
91,S_Sulphur_Gr_AquaRegia  mg/kg,54,FALSE,,FALSE,FALSE
92,Sb_Antimony_Gr_AquaRegia  mg/kg,54,FALSE,,FALSE,FALSE
93,Sc_Scandium_Gr_AquaRegia  mg/kg,54,FALSE,,FALSE,FALSE
94,Se_Selenium_Gr_GEMAS_AquaRegia,54,FALSE,,FALSE,FALSE
95,Sr_Strontium_Gr_GEMAS_AquaRegia,54,FALSE,,FALSE,FALSE
96,Ta_Tantalum_Gr_GEMAS_AquaRegia,54,FALSE,,FALSE,FALSE
97,Sn_Tin_Gr_AquaRegia  mg/kg,54,FALSE,,FALSE,FALSE
98,Te_Tellurium_Gr_AquaRegia  mg/kg,54,FALSE,,FALSE,FALSE
99,Th_Thorium_Gr_AquaRegia  mg/kg,54,FALSE,,FALSE,FALSE
100,Ti_Titanium_Gr_AquaRegia  mg/kg,54,FALSE,,FALSE,FALSE
101,Tl_Thallium_Gr_AquaRegia  mg/kg,54,FALSE,,FALSE,FALSE
102,U_Uranium_Gr_AquaRegia  mg/kg,54,FALSE,,FALSE,FALSE
103,V_Vanadium_Gr_AquaRegia  mg/kg,54,FALSE,,FALSE,FALSE
104,W_Tungsten_Gr_AquaRegia  mg/kg,54,FALSE,,FALSE,FALSE
105,Y_Yttrium_Gr_AquaRegia  mg/kg,54,FALSE,,FALSE,FALSE
106,Zn_Zinc_Gr_AquaRegia  mg/kg,54,FALSE,,FALSE,FALSE
107,Zr_Zirconium_Gr_AquaRegia  mg/kg,54,FALSE,,FALSE,FALSE
108,MMI_Mobile Metal Ion_Agricultural Land_Ap Samples,-1,FALSE,"[109,110,111,112,113,114,115,116,117,118,119,120,121,122,123,124,125,126,127,128,129,130,131,132,133,134,135,136,137,138,139,140,141,142,143,144,145,146,147,148,149,150,151,152,153,154,155,156,157,158,159,160,161,162]",FALSE,FALSE
109,Ag_Silver_Ap_MMI,108,TRUE,,FALSE,FALSE
110,Al_Alluminium_Ap_MMI,108,FALSE,,FALSE,FALSE
111,As_Arsenic_Ap_MMI,108,FALSE,,FALSE,FALSE
112,Au_Gold_Ap_MMI,108,FALSE,,FALSE,FALSE
113,Ba_Barium_Ap_MMI,108,FALSE,,FALSE,FALSE
114,Bi_Bismuth_Ap_MMI,108,FALSE,,FALSE,FALSE
115,Ca_Calcium_Ap_MMI,108,FALSE,,FALSE,FALSE
116,Cd_Cadmium_Ap_MMI,108,FALSE,,FALSE,FALSE
117,Ce_Cerium_Ap_MMI,108,FALSE,,FALSE,FALSE
118,Co_Cobalt_Ap_MMI,108,FALSE,,FALSE,FALSE
119,Cr_Chromium_Ap_MMI,108,FALSE,,FALSE,FALSE
120,Cs_Caesium_Ap_MMI,108,FALSE,,FALSE,FALSE
121,Cu_Copper_Ap_MMI,108,FALSE,,FALSE,FALSE
122,Dy_Dysprosium_Ap_MMI,108,FALSE,,FALSE,FALSE
123,Er_Erbium_Ap_MMI,108,FALSE,,FALSE,FALSE
124,Eu_Europium_Ap_MMI,108,FALSE,,FALSE,FALSE
125,Fe_Iron_Ap_MMI,108,FALSE,,FALSE,FALSE
126,Ga_Gallium_Ap_MMI,108,FALSE,,FALSE,FALSE
127,Gd_Gadolinium_Ap_MMI,108,FALSE,,FALSE,FALSE
128,Hg_Mercury_Ap_MMI,108,FALSE,,FALSE,FALSE
129,In_Indium_Ap_MMI,108,FALSE,,FALSE,FALSE
130,K_Potassium_Ap_MMI,108,FALSE,,FALSE,FALSE
131,La_Lanthanum_Ap_MMI,108,FALSE,,FALSE,FALSE
132,Li_Lithium_AP_MMI,108,FALSE,,FALSE,FALSE
133,Mg_Magnesium_Ap_MMI,108,FALSE,,FALSE,FALSE
134,Mn_Manganese_Ap_MMI,108,FALSE,,FALSE,FALSE
135,Mo_Molybdenum_AP_MMI,108,FALSE,,FALSE,FALSE
136,Nb_Niobium_Ap_MMI,108,FALSE,,FALSE,FALSE
137,Nd_Neodymium_Ap_MMI,108,FALSE,,FALSE,FALSE
138,Ni_Nickel_Ap_MMI,108,FALSE,,FALSE,FALSE
139,P_Phosphorus_Ap_MMI,108,FALSE,,FALSE,FALSE
140,Pb_Lead_Ap_MMI,108,FALSE,,FALSE,FALSE
141,Pd_Palladium_Ap_MMI,108,FALSE,,FALSE,FALSE
142,Pr_Praseodemiuim_MMI,108,FALSE,,FALSE,FALSE
143,Pt_Platinum_Ap_MMI,108,FALSE,,FALSE,FALSE
144,Rb_Rubidium_Ap_MMI,108,FALSE,,FALSE,FALSE
145,S_Sulphur_Ap_MMI,108,FALSE,,FALSE,FALSE
146,Sb_Antimony_Ap_MMI,108,FALSE,,FALSE,FALSE
147,Sc_Scandium_Ap_MMI,108,FALSE,,FALSE,FALSE
148,Se_Selenium_Ap_MMI,108,FALSE,,FALSE,FALSE
149,Sm_Samarium_Ap_MMI,108,FALSE,,FALSE,FALSE
150,Sn_Tin_Ap_MMI,108,FALSE,,FALSE,FALSE
151,Sr_Strontium_Ap_MMI,108,FALSE,,FALSE,FALSE
152,Ta_Tantalum_Ap_MMI,108,FALSE,,FALSE,FALSE
153,Tb_Terbium_Ap_MMI,108,FALSE,,FALSE,FALSE
154,Te_Tellurium_Ap_MMI,108,FALSE,,FALSE,FALSE
155,Th_Thorium_Ap_MMI,108,FALSE,,FALSE,FALSE
156,Ti_Titanium_Ap_MMI,108,FALSE,,FALSE,FALSE
157,Tl_Thallium_Ap_MMI,108,FALSE,,FALSE,FALSE
158,U_Uranium_Ap_MMI,108,FALSE,,FALSE,FALSE
159,V_Vanadium_Ap_MMI,108,FALSE,,FALSE,FALSE
160,W_Tungsten_Ap_MMI,108,FALSE,,FALSE,FALSE
161,Y_Yttrium_Ap_MMI,108,FALSE,,FALSE,FALSE
162,Yb_Ytterbium_Ap_MMI,108,FALSE,,FALSE,FALSE
163,XRF for Agricultural Land_Ap Samples,-1,FALSE,"[164,165,166,167,168,169,170,171,172,173,174,175,176,177,178,179,180,181,182,183,184,185,186,187,188,189,190,191,192,193,194,195,196,197,198,199,200,201]",FALSE,FALSE
164,Al_Alluminium_Ap_XRF,163,FALSE,,FALSE,FALSE
165,As_Arsenic_Ap_XRF,163,FALSE,,FALSE,FALSE
166,Ba_Barium_Ap_XRF,163,FALSE,,FALSE,FALSE
167,Bi_Bismuth_Ap_XRF,163,FALSE,,FALSE,FALSE
168,Ca_Calcium_Ap_XRF,163,FALSE,,FALSE,FALSE
169,Ce_Cerium_Ap_XRF,163,FALSE,,FALSE,FALSE
170,Co_Cobalt_Ap_XRF,163,FALSE,,FALSE,FALSE
171,Cr_Chromium_Ap_XRF,163,FALSE,,FALSE,FALSE
172,Cs_Caesium_Ap_XRF,163,FALSE,,FALSE,FALSE
173,Cu_Copper_Ap_XRF,163,FALSE,,FALSE,FALSE
174,Fe_Iron_Ap_XRF,163,FALSE,,FALSE,FALSE
175,Ga_Galliumn_Ap_XRF,163,FALSE,,FALSE,FALSE
176,Hf_Hafnium_Ap_XRF,163,FALSE,,FALSE,FALSE
177,K_Potassium_Ap_XRF,163,FALSE,,FALSE,FALSE
178,La_Lanthanum_Ap_XRF,163,FALSE,,FALSE,FALSE
179,Mg_Magnesium_Ap_XRF,163,FALSE,,FALSE,FALSE
180,Mn_Manganese_Ap_XRF,163,FALSE,,FALSE,FALSE
181,Na_Sodium_Ap_XRF,163,FALSE,,FALSE,FALSE
182,Nb_Niobium_Ap_XRF,163,FALSE,,FALSE,FALSE
183,Ni_Nickel_Ap_XRF,163,FALSE,,FALSE,FALSE
184,P_Phosphorous_Ap_XRF,163,FALSE,,FALSE,FALSE
185,Pb_Lead_Ap_XRF,163,FALSE,,FALSE,FALSE
186,Rb_Rubidium_Ap_XRF,163,FALSE,,FALSE,FALSE
187,S_Sulphur_Ap_XRF,163,FALSE,,FALSE,FALSE
188,Sb_Antimony_Ap_XRF,163,FALSE,,FALSE,FALSE
189,Sc_Scandium_Ap_XRF,163,FALSE,,FALSE,FALSE
190,Si_Silicon_Ap_XRF,163,FALSE,,FALSE,FALSE
191,Sn_Tin_Ap_XRF,163,FALSE,,FALSE,FALSE
192,Sr_Strontium_Ap_XRF,163,FALSE,,FALSE,FALSE
193,Ta_Tantalum_Ap_XRF,163,FALSE,,FALSE,FALSE
194,Th_Thorium_Ap_XRF,163,FALSE,,FALSE,FALSE
195,Ti_Titanium_Ap_XRF,163,FALSE,,FALSE,FALSE
196,U_Uranium_Ap_XRF,163,FALSE,,FALSE,FALSE
197,V_Vanadium_Ap_XRF,163,FALSE,,FALSE,FALSE
198,W_Tungsten_Ap_XRF,163,FALSE,,FALSE,FALSE
199,Y_Yttrium_Ap_XRF,163,FALSE,,FALSE,FALSE
200,Zn_Zinc_Ap_XRF,163,FALSE,,FALSE,FALSE
201,Zr_Zirconium_Ap_XRF,163,FALSE,,FALSE,FALSE
202,XRF for Grazingland_Gr Samples,-1,FALSE,"[203,204,205,206,207,208,209,210,211,212,213,214,215,216,217,218,219,220,221,222,223,224,225,226,227,228,229,230,231,232,233,234,235,236,237,238,239]",FALSE,FALSE
203,Al_Alluminium_Gr_XRF,202,FALSE,,FALSE,FALSE
204,As_Arsenic_Gr_XRF,202,FALSE,,FALSE,FALSE
205,Ba_Barium_Gr_XRF,202,FALSE,,FALSE,FALSE
206,Bi_Bismuth_Gr_XRF,202,FALSE,,FALSE,FALSE
207,Ca_Calcium_Gr_XRF,202,FALSE,,FALSE,FALSE
208,Ce_Cerium_Gr_XRF,202,FALSE,,FALSE,FALSE
209,Co_Cobalt_Gr_XRF,202,FALSE,,FALSE,FALSE
210,Cr_Cromium_Gr_XRF,202,FALSE,,FALSE,FALSE
211,Cs_Caesium_Gr_XRF,202,FALSE,,FALSE,FALSE
212,Cu_Copper_Gr_XRF,202,FALSE,,FALSE,FALSE
213,Fe_Iron_Gr_XRF,202,FALSE,,FALSE,FALSE
214,Ga_Gallium_Gr_XRF,202,FALSE,,FALSE,FALSE
215,Hf_Hafnium_Gr_XRF,202,FALSE,,FALSE,FALSE
216,K_Potassium_Gr_XRF,202,FALSE,,FALSE,FALSE
217,La_Lanthanum_Gr_XRF,202,FALSE,,FALSE,FALSE
218,Mg_Magnesium_Gr_XRF,202,FALSE,,FALSE,FALSE
219,Mn_Manganese_Gr_XRF,202,FALSE,,FALSE,FALSE
220,Na_Sodium_Gr_XRF,202,FALSE,,FALSE,FALSE
221,Nb_Niobium_Gr_XRF,202,FALSE,,FALSE,FALSE
222,Ni_Nickel_Gr_XRF,202,FALSE,,FALSE,FALSE
223,P_Potassium_Gr_XRF,202,FALSE,,FALSE,FALSE
224,Pb_Lead_Gr_XRF,202,FALSE,,FALSE,FALSE
225,Rb_Rubidium_Gr_XRF,202,FALSE,,FALSE,FALSE
226,Sb_Antimony_Gr_XRF,202,FALSE,,FALSE,FALSE
227,Sc_Scandium_Gr_XRF,202,FALSE,,FALSE,FALSE
228,Si_Silicon_Gr_XRF,202,FALSE,,FALSE,FALSE
229,Sn_Tin_Gr_XRF,202,FALSE,,FALSE,FALSE
230,Sr_Strontium_Gr_XRF,202,FALSE,,FALSE,FALSE
231,Ta_Tantalum_Gr_XRF,202,FALSE,,FALSE,FALSE
232,Th_Thorium_Gr_XRF,202,FALSE,,FALSE,FALSE
233,Ti_Titanium_Gr_XRF,202,FALSE,,FALSE,FALSE
234,U_Uranium_Gr_XRF,202,FALSE,,FALSE,FALSE
235,V_Vanadium_Gr_XRF,202,FALSE,,FALSE,FALSE
236,W_Tungsten_Gr_XRF,202,FALSE,,FALSE,FALSE
237,Y_Yttrium_Gr_XRF,202,FALSE,,FALSE,FALSE
238,Zn_Zinc_Gr_XRF,202,FALSE,,FALSE,FALSE
239,Zr_Zirconium_Gr_XRF,202,FALSE,,FALSE,FALSE
240,GEMAS Additional Parameters,-1,FALSE,"[241,246]",FALSE,FALSE
241,Carbon Infra Red Analyses,240,FALSE,"[242,243,244,245]",FALSE,FALSE
242,Carbon_TC_Ap,241,FALSE,,FALSE,FALSE
243,Carbon_TC_GR,241,FALSE,,FALSE,FALSE
244,Carbon_TOC_Ap,241,FALSE,,FALSE,FALSE
245,Carbon_TOC_Gr,241,FALSE,,FALSE,FALSE
246,Soil Properties,240,TRUE,"[247,250,253,256,260,263,264,267]",FALSE,FALSE
247,(CEC) Cation Exchange Capacity,246,TRUE,"[248,249]",FALSE,FALSE
248,CEC_Ap_silver thiourea_AAS,247,FALSE,,FALSE,FALSE
249,CEC_Gr_silver thiourea_AAS,247,FALSE,,FALSE,FALSE
250,(CIA) Chemical Index of Alteration,246,TRUE,"[251,252]",FALSE,FALSE
251,CIA_Ap,250,FALSE,,FALSE,FALSE
252,CIA_GR,250,FALSE,,FALSE,FALSE
253,Clay ,246,TRUE,"[254,255]",FALSE,FALSE
254,Clay_Ap,253,FALSE,,FALSE,FALSE
255,Clay_Gr,253,FALSE,,FALSE,FALSE
256,Pb_Isotopes_Ap ,246,TRUE,"[257,258,259]",FALSE,FALSE
257,Isotopes_Pb_206/207_Ap,256,FALSE,,FALSE,FALSE
258,Isotopes_206Pb/208Pb_Ap,256,FALSE,,FALSE,FALSE
259,Isotopes_207Pb/208Pb_Ap,256,FALSE,,FALSE,FALSE
260,(LOI) Loss on ignition,246,FALSE,"[261,262]",FALSE,FALSE
261,LOI_Gr,260,FALSE,,FALSE,FALSE
262,LOI_Ap,260,FALSE,,FALSE,FALSE
263,Magnetic Susceptibility_Ap,246,FALSE,,FALSE,FALSE
264,pH_SoilAcidity,246,TRUE,"[265,266]",FALSE,FALSE
265,pH_CaCl2_SoilAcidity_GEMAS_Ap,264,FALSE,,FALSE,FALSE
266,pH_CaCl2_SoilAcidity_GEMAS_Gr,264,FALSE,,FALSE,FALSE
267,Altitude (ALT),246,TRUE,"[268,269]",FALSE,FALSE
268,Altitiude_Ap,267,FALSE,,FALSE,FALSE
269,Altitude_Gr,267,FALSE,,FALSE,FALSE
