objectid,hab_code,hab_type,mega_id,mega,ind_id,ind,sed_id,sed,mes_mac_id,mes_mac,mod_id,mod,hab_desc,shape_area
1,Ss(s/g)h/w_r/s/u,Rippled scour depressions (sand/gravel),S,Continental Shelf,s,soft,s/g,sand/gravel,h/w,depression/dynamic bedforms,r/s/u,rippled/scoured/unconsolidated,Rippled scour depressions (sand/gravel),883.204383106
2,Ss(s/g)h/w_r/s/u,Rippled scour depressions (sand/gravel),S,Continental Shelf,s,soft,s/g,sand/gravel,h/w,depression/dynamic bedforms,r/s/u,rippled/scoured/unconsolidated,Rippled scour depressions (sand/gravel),1403.00376448
3,Ss(s/g)h/w_r/s/u,Rippled scour depressions (sand/gravel),S,Continental Shelf,s,soft,s/g,sand/gravel,h/w,depression/dynamic bedforms,r/s/u,rippled/scoured/unconsolidated,Rippled scour depressions (sand/gravel),1766.51203339
4,Ss(s/g)h/w_r/s/u,Rippled scour depressions (sand/gravel),S,Continental Shelf,s,soft,s/g,sand/gravel,h/w,depression/dynamic bedforms,r/s/u,rippled/scoured/unconsolidated,Rippled scour depressions (sand/gravel),1031.08847573
5,Ss(s/g)h/w_r/s/u,Rippled scour depressions (sand/gravel),S,Continental Shelf,s,soft,s/g,sand/gravel,h/w,depression/dynamic bedforms,r/s/u,rippled/scoured/unconsolidated,Rippled scour depressions (sand/gravel),476.199011469
6,Ss(s/g)h/w_r/s/u,Rippled scour depressions (sand/gravel),S,Continental Shelf,s,soft,s/g,sand/gravel,h/w,depression/dynamic bedforms,r/s/u,rippled/scoured/unconsolidated,Rippled scour depressions (sand/gravel),18226.8248960
7,Ss(s/g)h/w_r/s/u,Rippled scour depressions (sand/gravel),S,Continental Shelf,s,soft,s/g,sand/gravel,h/w,depression/dynamic bedforms,r/s/u,rippled/scoured/unconsolidated,Rippled scour depressions (sand/gravel),2386.15515127
8,Ss(s/g)h/w_r/s/u,Rippled scour depressions (sand/gravel),S,Continental Shelf,s,soft,s/g,sand/gravel,h/w,depression/dynamic bedforms,r/s/u,rippled/scoured/unconsolidated,Rippled scour depressions (sand/gravel),40113.8266509
9,Ss(s/g)h/w_r/s/u,Rippled scour depressions (sand/gravel),S,Continental Shelf,s,soft,s/g,sand/gravel,h/w,depression/dynamic bedforms,r/s/u,rippled/scoured/unconsolidated,Rippled scour depressions (sand/gravel),14530.8077658
10,Ss(s/g)h/w_r/s/u,Rippled scour depressions (sand/gravel),S,Continental Shelf,s,soft,s/g,sand/gravel,h/w,depression/dynamic bedforms,r/s/u,rippled/scoured/unconsolidated,Rippled scour depressions (sand/gravel),8496.75194038
11,Ss(s/g)h/w_r/s/u,Rippled scour depressions (sand/gravel),S,Continental Shelf,s,soft,s/g,sand/gravel,h/w,depression/dynamic bedforms,r/s/u,rippled/scoured/unconsolidated,Rippled scour depressions (sand/gravel),41299.1040865
12,Ss(s/g)h/w_r/s/u,Rippled scour depressions (sand/gravel),S,Continental Shelf,s,soft,s/g,sand/gravel,h/w,depression/dynamic bedforms,r/s/u,rippled/scoured/unconsolidated,Rippled scour depressions (sand/gravel),5655.32766207
13,Ss(s/g)h/w_r/s/u,Rippled scour depressions (sand/gravel),S,Continental Shelf,s,soft,s/g,sand/gravel,h/w,depression/dynamic bedforms,r/s/u,rippled/scoured/unconsolidated,Rippled scour depressions (sand/gravel),5536.85041295
14,Ss(s/g)h/w_r/s/u,Rippled scour depressions (sand/gravel),S,Continental Shelf,s,soft,s/g,sand/gravel,h/w,depression/dynamic bedforms,r/s/u,rippled/scoured/unconsolidated,Rippled scour depressions (sand/gravel),12176.0140376
15,Ss(s/g)h/w_r/s/u,Rippled scour depressions (sand/gravel),S,Continental Shelf,s,soft,s/g,sand/gravel,h/w,depression/dynamic bedforms,r/s/u,rippled/scoured/unconsolidated,Rippled scour depressions (sand/gravel),5285.05178785
16,Ss(s/g)h/w_r/s/u,Rippled scour depressions (sand/gravel),S,Continental Shelf,s,soft,s/g,sand/gravel,h/w,depression/dynamic bedforms,r/s/u,rippled/scoured/unconsolidated,Rippled scour depressions (sand/gravel),124591.750541
17,Ss(s/g)h/w_r/s/u,Rippled scour depressions (sand/gravel),S,Continental Shelf,s,soft,s/g,sand/gravel,h/w,depression/dynamic bedforms,r/s/u,rippled/scoured/unconsolidated,Rippled scour depressions (sand/gravel),34921.4977119
18,Ss(s/g)h/w_r/s/u,Rippled scour depressions (sand/gravel),S,Continental Shelf,s,soft,s/g,sand/gravel,h/w,depression/dynamic bedforms,r/s/u,rippled/scoured/unconsolidated,Rippled scour depressions (sand/gravel),2096.14476547
19,Ss(s/g)h/w_r/s/u,Rippled scour depressions (sand/gravel),S,Continental Shelf,s,soft,s/g,sand/gravel,h/w,depression/dynamic bedforms,r/s/u,rippled/scoured/unconsolidated,Rippled scour depressions (sand/gravel),4345.51680408
20,Ss(s/g)h/w_r/s/u,Rippled scour depressions (sand/gravel),S,Continental Shelf,s,soft,s/g,sand/gravel,h/w,depression/dynamic bedforms,r/s/u,rippled/scoured/unconsolidated,Rippled scour depressions (sand/gravel),5018.17411999
21,Ss(s/g)h/w_r/s/u,Rippled scour depressions (sand/gravel),S,Continental Shelf,s,soft,s/g,sand/gravel,h/w,depression/dynamic bedforms,r/s/u,rippled/scoured/unconsolidated,Rippled scour depressions (sand/gravel),14190.8365778
22,Ss(s/g)h/w_r/s/u,Rippled scour depressions (sand/gravel),S,Continental Shelf,s,soft,s/g,sand/gravel,h/w,depression/dynamic bedforms,r/s/u,rippled/scoured/unconsolidated,Rippled scour depressions (sand/gravel),3720.79931900
23,Ss(s/g)h/w_r/s/u,Rippled scour depressions (sand/gravel),S,Continental Shelf,s,soft,s/g,sand/gravel,h/w,depression/dynamic bedforms,r/s/u,rippled/scoured/unconsolidated,Rippled scour depressions (sand/gravel),4359.04884954
24,Ss(s/g)h/w_r/s/u,Rippled scour depressions (sand/gravel),S,Continental Shelf,s,soft,s/g,sand/gravel,h/w,depression/dynamic bedforms,r/s/u,rippled/scoured/unconsolidated,Rippled scour depressions (sand/gravel),9338.04090133
25,Ss(s/g)h/w_r/s/u,Rippled scour depressions (sand/gravel),S,Continental Shelf,s,soft,s/g,sand/gravel,h/w,depression/dynamic bedforms,r/s/u,rippled/scoured/unconsolidated,Rippled scour depressions (sand/gravel),9715.18508602
26,Ss(s/g)h/w_r/s/u,Rippled scour depressions (sand/gravel),S,Continental Shelf,s,soft,s/g,sand/gravel,h/w,depression/dynamic bedforms,r/s/u,rippled/scoured/unconsolidated,Rippled scour depressions (sand/gravel),1173.77513164
27,Ss(s/g)h/w_r/s/u,Rippled scour depressions (sand/gravel),S,Continental Shelf,s,soft,s/g,sand/gravel,h/w,depression/dynamic bedforms,r/s/u,rippled/scoured/unconsolidated,Rippled scour depressions (sand/gravel),5039.55704873
28,Ss(s/g)h/w_r/s/u,Rippled scour depressions (sand/gravel),S,Continental Shelf,s,soft,s/g,sand/gravel,h/w,depression/dynamic bedforms,r/s/u,rippled/scoured/unconsolidated,Rippled scour depressions (sand/gravel),5295.15578718
29,Ss(s/g)h/w_r/s/u,Rippled scour depressions (sand/gravel),S,Continental Shelf,s,soft,s/g,sand/gravel,h/w,depression/dynamic bedforms,r/s/u,rippled/scoured/unconsolidated,Rippled scour depressions (sand/gravel),5675.58699647
30,Ss(s/g)h/w_r/s/u,Rippled scour depressions (sand/gravel),S,Continental Shelf,s,soft,s/g,sand/gravel,h/w,depression/dynamic bedforms,r/s/u,rippled/scoured/unconsolidated,Rippled scour depressions (sand/gravel),2134.87980409
31,Ss(s/g)h/w_r/s/u,Rippled scour depressions (sand/gravel),S,Continental Shelf,s,soft,s/g,sand/gravel,h/w,depression/dynamic bedforms,r/s/u,rippled/scoured/unconsolidated,Rippled scour depressions (sand/gravel),10334.2845489
32,Ss(s/g)h/w_r/s/u,Rippled scour depressions (sand/gravel),S,Continental Shelf,s,soft,s/g,sand/gravel,h/w,depression/dynamic bedforms,r/s/u,rippled/scoured/unconsolidated,Rippled scour depressions (sand/gravel),2190.90896239
33,Ss(s/g)h/w_r/s/u,Rippled scour depressions (sand/gravel),S,Continental Shelf,s,soft,s/g,sand/gravel,h/w,depression/dynamic bedforms,r/s/u,rippled/scoured/unconsolidated,Rippled scour depressions (sand/gravel),1409.58141531
34,Ss(s/g)h/w_r/s/u,Rippled scour depressions (sand/gravel),S,Continental Shelf,s,soft,s/g,sand/gravel,h/w,depression/dynamic bedforms,r/s/u,rippled/scoured/unconsolidated,Rippled scour depressions (sand/gravel),7088.94419309
35,Ss(s/g)h/w_r/s/u,Rippled scour depressions (sand/gravel),S,Continental Shelf,s,soft,s/g,sand/gravel,h/w,depression/dynamic bedforms,r/s/u,rippled/scoured/unconsolidated,Rippled scour depressions (sand/gravel),23608.6730870
36,Ss(s/g)h/w_r/s/u,Rippled scour depressions (sand/gravel),S,Continental Shelf,s,soft,s/g,sand/gravel,h/w,depression/dynamic bedforms,r/s/u,rippled/scoured/unconsolidated,Rippled scour depressions (sand/gravel),2173.70007560
37,Ss(s/g)h/w_r/s/u,Rippled scour depressions (sand/gravel),S,Continental Shelf,s,soft,s/g,sand/gravel,h/w,depression/dynamic bedforms,r/s/u,rippled/scoured/unconsolidated,Rippled scour depressions (sand/gravel),10397.7496471
38,Ss(s/g)h/w_r/s/u,Rippled scour depressions (sand/gravel),S,Continental Shelf,s,soft,s/g,sand/gravel,h/w,depression/dynamic bedforms,r/s/u,rippled/scoured/unconsolidated,Rippled scour depressions (sand/gravel),2681.04279851
39,Ss(s/g)h/w_r/s/u,Rippled scour depressions (sand/gravel),S,Continental Shelf,s,soft,s/g,sand/gravel,h/w,depression/dynamic bedforms,r/s/u,rippled/scoured/unconsolidated,Rippled scour depressions (sand/gravel),1348.92762755
40,Ss(s/g)h/w_r/s/u,Rippled scour depressions (sand/gravel),S,Continental Shelf,s,soft,s/g,sand/gravel,h/w,depression/dynamic bedforms,r/s/u,rippled/scoured/unconsolidated,Rippled scour depressions (sand/gravel),2254.56736318
41,Ss(s/g)h/w_r/s/u,Rippled scour depressions (sand/gravel),S,Continental Shelf,s,soft,s/g,sand/gravel,h/w,depression/dynamic bedforms,r/s/u,rippled/scoured/unconsolidated,Rippled scour depressions (sand/gravel),2574.93238784
42,Ss(s/g)h/w_r/s/u,Rippled scour depressions (sand/gravel),S,Continental Shelf,s,soft,s/g,sand/gravel,h/w,depression/dynamic bedforms,r/s/u,rippled/scoured/unconsolidated,Rippled scour depressions (sand/gravel),5454.84292276
43,Ss(s/g)h/w_r/s/u,Rippled scour depressions (sand/gravel),S,Continental Shelf,s,soft,s/g,sand/gravel,h/w,depression/dynamic bedforms,r/s/u,rippled/scoured/unconsolidated,Rippled scour depressions (sand/gravel),1378.36174581
44,Ss(s/g)h/w_r/s/u,Rippled scour depressions (sand/gravel),S,Continental Shelf,s,soft,s/g,sand/gravel,h/w,depression/dynamic bedforms,r/s/u,rippled/scoured/unconsolidated,Rippled scour depressions (sand/gravel),770.858476627
45,Ss(s/g)h/w_r/s/u,Rippled scour depressions (sand/gravel),S,Continental Shelf,s,soft,s/g,sand/gravel,h/w,depression/dynamic bedforms,r/s/u,rippled/scoured/unconsolidated,Rippled scour depressions (sand/gravel),4603.02645603
46,Ss(s/g)h/w_r/s/u,Rippled scour depressions (sand/gravel),S,Continental Shelf,s,soft,s/g,sand/gravel,h/w,depression/dynamic bedforms,r/s/u,rippled/scoured/unconsolidated,Rippled scour depressions (sand/gravel),2054.14456911
47,Ss(s/g)h/w_r/s/u,Rippled scour depressions (sand/gravel),S,Continental Shelf,s,soft,s/g,sand/gravel,h/w,depression/dynamic bedforms,r/s/u,rippled/scoured/unconsolidated,Rippled scour depressions (sand/gravel),2127.99215274
48,Ss(s/g)h/w_r/s/u,Rippled scour depressions (sand/gravel),S,Continental Shelf,s,soft,s/g,sand/gravel,h/w,depression/dynamic bedforms,r/s/u,rippled/scoured/unconsolidated,Rippled scour depressions (sand/gravel),298.329583198
49,Ss(s/g)h/w_r/s/u,Rippled scour depressions (sand/gravel),S,Continental Shelf,s,soft,s/g,sand/gravel,h/w,depression/dynamic bedforms,r/s/u,rippled/scoured/unconsolidated,Rippled scour depressions (sand/gravel),921.720476630
50,Ss(s/g)h/w_r/s/u,Rippled scour depressions (sand/gravel),S,Continental Shelf,s,soft,s/g,sand/gravel,h/w,depression/dynamic bedforms,r/s/u,rippled/scoured/unconsolidated,Rippled scour depressions (sand/gravel),391.281908247
51,Ss(s/g)h/w_r/s/u,Rippled scour depressions (sand/gravel),S,Continental Shelf,s,soft,s/g,sand/gravel,h/w,depression/dynamic bedforms,r/s/u,rippled/scoured/unconsolidated,Rippled scour depressions (sand/gravel),3232.97779282
52,Ss(s/g)h/w_r/s/u,Rippled scour depressions (sand/gravel),S,Continental Shelf,s,soft,s/g,sand/gravel,h/w,depression/dynamic bedforms,r/s/u,rippled/scoured/unconsolidated,Rippled scour depressions (sand/gravel),3097.03501616
53,Ss(s/g)h/w_r/s/u,Rippled scour depressions (sand/gravel),S,Continental Shelf,s,soft,s/g,sand/gravel,h/w,depression/dynamic bedforms,r/s/u,rippled/scoured/unconsolidated,Rippled scour depressions (sand/gravel),74482.9697979
54,Ss(s/g)h/w_r/s/u,Rippled scour depressions (sand/gravel),S,Continental Shelf,s,soft,s/g,sand/gravel,h/w,depression/dynamic bedforms,r/s/u,rippled/scoured/unconsolidated,Rippled scour depressions (sand/gravel),789934.066648
55,Ss(s/g)h/w_r/s/u,Rippled scour depressions (sand/gravel),S,Continental Shelf,s,soft,s/g,sand/gravel,h/w,depression/dynamic bedforms,r/s/u,rippled/scoured/unconsolidated,Rippled scour depressions (sand/gravel),42570.1042364
56,Ss(s/g)h/w_r/s/u,Rippled scour depressions (sand/gravel),S,Continental Shelf,s,soft,s/g,sand/gravel,h/w,depression/dynamic bedforms,r/s/u,rippled/scoured/unconsolidated,Rippled scour depressions (sand/gravel),717769.238020
57,Ss(s/g)h/w_r/s/u,Rippled scour depressions (sand/gravel),S,Continental Shelf,s,soft,s/g,sand/gravel,h/w,depression/dynamic bedforms,r/s/u,rippled/scoured/unconsolidated,Rippled scour depressions (sand/gravel),5648.57788053
58,Sh(b)/p_c,Boulder or pinnacle,S,Continental Shelf,h,hard,b,boulder,p,pinnacle,c,consolidated,Boulder or pinnacle of hard sedimentary rock on continental shelf,354.162592054
59,Sh(b)/p_c,Boulder or pinnacle,S,Continental Shelf,h,hard,b,boulder,p,pinnacle,c,consolidated,Boulder or pinnacle of hard sedimentary rock on continental shelf,343.818333469
60,Sh(b)/p_c,Boulder or pinnacle,S,Continental Shelf,h,hard,b,boulder,p,pinnacle,c,consolidated,Boulder or pinnacle of hard sedimentary rock on continental shelf,44.2987077060
61,Sh(b)/p_c,Boulder or pinnacle,S,Continental Shelf,h,hard,b,boulder,p,pinnacle,c,consolidated,Boulder or pinnacle of hard sedimentary rock on continental shelf,106.791306269
62,Shd_c/d,Deformed and differentially eroded sedimentary bedrock outcrop,S,Continental Shelf,h,hard,,,d,"deformed, tilted and folded bedrock, overhangs",c/d,consolidated/differentially eroded,Deformed and differentially eroded sedimentary bedrock outcrop,1349.17188142
63,Sh(b)/p_c,Boulder or pinnacle,S,Continental Shelf,h,hard,b,boulder,p,pinnacle,c,consolidated,Boulder or pinnacle of hard sedimentary rock on continental shelf,358.701637769
64,Sh(b)/p_c,Boulder or pinnacle,S,Continental Shelf,h,hard,b,boulder,p,pinnacle,c,consolidated,Boulder or pinnacle of hard sedimentary rock on continental shelf,372.262309107
65,Shd_c/d/f,Fractured sedimentary rock,S,Continental Shelf,h,hard,,,d,"deformed, tilted and folded bedrock, overhangs",c/d/f,consolidated/differentially eroded/fractured,"Faulted, fractured, differentially eroded, and deformed sedimentary bedrock on continental shelf",3492.35565874
66,Shd_c/d/f,Fractured sedimentary rock,S,Continental Shelf,h,hard,,,d,"deformed, tilted and folded bedrock, overhangs",c/d/f,consolidated/differentially eroded/fractured,"Faulted, fractured, differentially eroded, and deformed sedimentary bedrock on continental shelf",4392.78403818
67,Shd_c/d/f,Fractured sedimentary rock,S,Continental Shelf,h,hard,,,d,"deformed, tilted and folded bedrock, overhangs",c/d/f,consolidated/differentially eroded/fractured,"Faulted, fractured, differentially eroded, and deformed sedimentary bedrock on continental shelf",3622.73578787
68,Shd_c/d/f,Fractured sedimentary rock,S,Continental Shelf,h,hard,,,d,"deformed, tilted and folded bedrock, overhangs",c/d/f,consolidated/differentially eroded/fractured,"Faulted, fractured, differentially eroded, and deformed sedimentary bedrock on continental shelf",6598.30215529
69,Shd_c/d/f,Fractured sedimentary rock,S,Continental Shelf,h,hard,,,d,"deformed, tilted and folded bedrock, overhangs",c/d/f,consolidated/differentially eroded/fractured,"Faulted, fractured, differentially eroded, and deformed sedimentary bedrock on continental shelf",943.949787047
70,Sh(b)/p_c,Boulder or pinnacle,S,Continental Shelf,h,hard,b,boulder,p,pinnacle,c,consolidated,Boulder or pinnacle of hard sedimentary rock on continental shelf,317.617031448
71,Sh(b)/p_c,Boulder or pinnacle,S,Continental Shelf,h,hard,b,boulder,p,pinnacle,c,consolidated,Boulder or pinnacle of hard sedimentary rock on continental shelf,455.624285875
72,Shd_c/d,Deformed and differentially eroded sedimentary bedrock outcrop,S,Continental Shelf,h,hard,,,d,"deformed, tilted and folded bedrock, overhangs",c/d,consolidated/differentially eroded,Deformed and differentially eroded sedimentary bedrock outcrop,782.171694920
73,Shd_c/d/f,Fractured sedimentary rock,S,Continental Shelf,h,hard,,,d,"deformed, tilted and folded bedrock, overhangs",c/d/f,consolidated/differentially eroded/fractured,"Faulted, fractured, differentially eroded, and deformed sedimentary bedrock on continental shelf",11423996.8998
74,Shd_c/d,Deformed and differentially eroded sedimentary bedrock outcrop,S,Continental Shelf,h,hard,,,d,"deformed, tilted and folded bedrock, overhangs",c/d,consolidated/differentially eroded,Deformed and differentially eroded sedimentary bedrock outcrop,509.569474643
75,Shd_c/d/f,Fractured sedimentary rock,S,Continental Shelf,h,hard,,,d,"deformed, tilted and folded bedrock, overhangs",c/d/f,consolidated/differentially eroded/fractured,"Faulted, fractured, differentially eroded, and deformed sedimentary bedrock on continental shelf",6428.65648927
76,Shd_c/d,Deformed and differentially eroded sedimentary bedrock outcrop,S,Continental Shelf,h,hard,,,d,"deformed, tilted and folded bedrock, overhangs",c/d,consolidated/differentially eroded,Deformed and differentially eroded sedimentary bedrock outcrop,149650.664066
77,Shd_c/d/f,Fractured sedimentary rock,S,Continental Shelf,h,hard,,,d,"deformed, tilted and folded bedrock, overhangs",c/d/f,consolidated/differentially eroded/fractured,"Faulted, fractured, differentially eroded, and deformed sedimentary bedrock on continental shelf",51951.0011127
78,Shd_c/d,Deformed and differentially eroded sedimentary bedrock outcrop,S,Continental Shelf,h,hard,,,d,"deformed, tilted and folded bedrock, overhangs",c/d,consolidated/differentially eroded,Deformed and differentially eroded sedimentary bedrock outcrop,99656.7640952
79,Shd_c/d,Deformed and differentially eroded sedimentary bedrock outcrop,S,Continental Shelf,h,hard,,,d,"deformed, tilted and folded bedrock, overhangs",c/d,consolidated/differentially eroded,Deformed and differentially eroded sedimentary bedrock outcrop,143917.818049
80,Shd_c/d,Deformed and differentially eroded sedimentary bedrock outcrop,S,Continental Shelf,h,hard,,,d,"deformed, tilted and folded bedrock, overhangs",c/d,consolidated/differentially eroded,Deformed and differentially eroded sedimentary bedrock outcrop,2514.91841227
81,Shd_c/d,Deformed and differentially eroded sedimentary bedrock outcrop,S,Continental Shelf,h,hard,,,d,"deformed, tilted and folded bedrock, overhangs",c/d,consolidated/differentially eroded,Deformed and differentially eroded sedimentary bedrock outcrop,985.017549161
82,Shd_c/d,Deformed and differentially eroded sedimentary bedrock outcrop,S,Continental Shelf,h,hard,,,d,"deformed, tilted and folded bedrock, overhangs",c/d,consolidated/differentially eroded,Deformed and differentially eroded sedimentary bedrock outcrop,758.395253566
83,Sh(b)/p_c,Boulder or pinnacle,S,Continental Shelf,h,hard,b,boulder,p,pinnacle,c,consolidated,Boulder or pinnacle of hard sedimentary rock on continental shelf,309.969119454
84,Shd_c/d,Deformed and differentially eroded sedimentary bedrock outcrop,S,Continental Shelf,h,hard,,,d,"deformed, tilted and folded bedrock, overhangs",c/d,consolidated/differentially eroded,Deformed and differentially eroded sedimentary bedrock outcrop,658157.555617
85,Shd_c/d,Deformed and differentially eroded sedimentary bedrock outcrop,S,Continental Shelf,h,hard,,,d,"deformed, tilted and folded bedrock, overhangs",c/d,consolidated/differentially eroded,Deformed and differentially eroded sedimentary bedrock outcrop,3439.89512626
86,Shd_c/d,Deformed and differentially eroded sedimentary bedrock outcrop,S,Continental Shelf,h,hard,,,d,"deformed, tilted and folded bedrock, overhangs",c/d,consolidated/differentially eroded,Deformed and differentially eroded sedimentary bedrock outcrop,31150.2292120
87,Shd_c/d,Deformed and differentially eroded sedimentary bedrock outcrop,S,Continental Shelf,h,hard,,,d,"deformed, tilted and folded bedrock, overhangs",c/d,consolidated/differentially eroded,Deformed and differentially eroded sedimentary bedrock outcrop,5320.93616094
88,Shd_c/d,Deformed and differentially eroded sedimentary bedrock outcrop,S,Continental Shelf,h,hard,,,d,"deformed, tilted and folded bedrock, overhangs",c/d,consolidated/differentially eroded,Deformed and differentially eroded sedimentary bedrock outcrop,75456.8930723
89,Shd_c/d,Deformed and differentially eroded sedimentary bedrock outcrop,S,Continental Shelf,h,hard,,,d,"deformed, tilted and folded bedrock, overhangs",c/d,consolidated/differentially eroded,Deformed and differentially eroded sedimentary bedrock outcrop,905.030865829
90,Shd_c/d,Deformed and differentially eroded sedimentary bedrock outcrop,S,Continental Shelf,h,hard,,,d,"deformed, tilted and folded bedrock, overhangs",c/d,consolidated/differentially eroded,Deformed and differentially eroded sedimentary bedrock outcrop,27674.2883039
91,Shd_c/d,Deformed and differentially eroded sedimentary bedrock outcrop,S,Continental Shelf,h,hard,,,d,"deformed, tilted and folded bedrock, overhangs",c/d,consolidated/differentially eroded,Deformed and differentially eroded sedimentary bedrock outcrop,5968.48723968
92,Shd_c/d,Deformed and differentially eroded sedimentary bedrock outcrop,S,Continental Shelf,h,hard,,,d,"deformed, tilted and folded bedrock, overhangs",c/d,consolidated/differentially eroded,Deformed and differentially eroded sedimentary bedrock outcrop,1742.29405923
93,Sme_c/u,Sediment covered sedimentary bedrock,S,Continental Shelf,m,mixed,,,e,bedrock outcrop,c/u,consolidated/unconsolidated,"Mixed habitat of soft, unconsolidated sediment locally covering hard, consolidated sedimentary bedrock",82301.4256343
94,Sh(b)/p_c,Boulder or pinnacle,S,Continental Shelf,h,hard,b,boulder,p,pinnacle,c,consolidated,Boulder or pinnacle of hard sedimentary rock on continental shelf,312.142057592
95,Shd_c/d,Deformed and differentially eroded sedimentary bedrock outcrop,S,Continental Shelf,h,hard,,,d,"deformed, tilted and folded bedrock, overhangs",c/d,consolidated/differentially eroded,Deformed and differentially eroded sedimentary bedrock outcrop,20515.4560700
96,Sh(b)/p_c,Boulder or pinnacle,S,Continental Shelf,h,hard,b,boulder,p,pinnacle,c,consolidated,Boulder or pinnacle of hard sedimentary rock on continental shelf,165.571307700
97,Shd_c/d,Deformed and differentially eroded sedimentary bedrock outcrop,S,Continental Shelf,h,hard,,,d,"deformed, tilted and folded bedrock, overhangs",c/d,consolidated/differentially eroded,Deformed and differentially eroded sedimentary bedrock outcrop,6044.28469746
98,Shd_c/d,Deformed and differentially eroded sedimentary bedrock outcrop,S,Continental Shelf,h,hard,,,d,"deformed, tilted and folded bedrock, overhangs",c/d,consolidated/differentially eroded,Deformed and differentially eroded sedimentary bedrock outcrop,504.682340644
99,Shd_c/d,Deformed and differentially eroded sedimentary bedrock outcrop,S,Continental Shelf,h,hard,,,d,"deformed, tilted and folded bedrock, overhangs",c/d,consolidated/differentially eroded,Deformed and differentially eroded sedimentary bedrock outcrop,1764574.42252
100,Shd_c/d,Deformed and differentially eroded sedimentary bedrock outcrop,S,Continental Shelf,h,hard,,,d,"deformed, tilted and folded bedrock, overhangs",c/d,consolidated/differentially eroded,Deformed and differentially eroded sedimentary bedrock outcrop,1051.03148424
101,Sh(b)/p_c,Boulder or pinnacle,S,Continental Shelf,h,hard,b,boulder,p,pinnacle,c,consolidated,Boulder or pinnacle of hard sedimentary rock on continental shelf,422.052176604
102,Shd_c/d,Deformed and differentially eroded sedimentary bedrock outcrop,S,Continental Shelf,h,hard,,,d,"deformed, tilted and folded bedrock, overhangs",c/d,consolidated/differentially eroded,Deformed and differentially eroded sedimentary bedrock outcrop,1115.27053832
103,Sh(b)/p_c,Boulder or pinnacle,S,Continental Shelf,h,hard,b,boulder,p,pinnacle,c,consolidated,Boulder or pinnacle of hard sedimentary rock on continental shelf,249.666493751
104,Shd_c/d,Deformed and differentially eroded sedimentary bedrock outcrop,S,Continental Shelf,h,hard,,,d,"deformed, tilted and folded bedrock, overhangs",c/d,consolidated/differentially eroded,Deformed and differentially eroded sedimentary bedrock outcrop,1396.57593974
105,Shd_c/d,Deformed and differentially eroded sedimentary bedrock outcrop,S,Continental Shelf,h,hard,,,d,"deformed, tilted and folded bedrock, overhangs",c/d,consolidated/differentially eroded,Deformed and differentially eroded sedimentary bedrock outcrop,81674.5750621
106,Shd_c/d,Deformed and differentially eroded sedimentary bedrock outcrop,S,Continental Shelf,h,hard,,,d,"deformed, tilted and folded bedrock, overhangs",c/d,consolidated/differentially eroded,Deformed and differentially eroded sedimentary bedrock outcrop,372771.127926
107,Shd_c/d,Deformed and differentially eroded sedimentary bedrock outcrop,S,Continental Shelf,h,hard,,,d,"deformed, tilted and folded bedrock, overhangs",c/d,consolidated/differentially eroded,Deformed and differentially eroded sedimentary bedrock outcrop,856.925797220
108,Sh(b)/p_c,Boulder or pinnacle,S,Continental Shelf,h,hard,b,boulder,p,pinnacle,c,consolidated,Boulder or pinnacle of hard sedimentary rock on continental shelf,172.277601803
109,Shd_c/d,Deformed and differentially eroded sedimentary bedrock outcrop,S,Continental Shelf,h,hard,,,d,"deformed, tilted and folded bedrock, overhangs",c/d,consolidated/differentially eroded,Deformed and differentially eroded sedimentary bedrock outcrop,2959.43845081
110,Shd_c/d,Deformed and differentially eroded sedimentary bedrock outcrop,S,Continental Shelf,h,hard,,,d,"deformed, tilted and folded bedrock, overhangs",c/d,consolidated/differentially eroded,Deformed and differentially eroded sedimentary bedrock outcrop,706522.777251
111,Sme_c/u,Sediment covered sedimentary bedrock,S,Continental Shelf,m,mixed,,,e,bedrock outcrop,c/u,consolidated/unconsolidated,"Mixed habitat of soft, unconsolidated sediment locally covering hard, consolidated sedimentary bedrock",668.662045803
112,Sme_c/u,Sediment covered sedimentary bedrock,S,Continental Shelf,m,mixed,,,e,bedrock outcrop,c/u,consolidated/unconsolidated,"Mixed habitat of soft, unconsolidated sediment locally covering hard, consolidated sedimentary bedrock",2022.73111377
113,Sme_c/u,Sediment covered sedimentary bedrock,S,Continental Shelf,m,mixed,,,e,bedrock outcrop,c/u,consolidated/unconsolidated,"Mixed habitat of soft, unconsolidated sediment locally covering hard, consolidated sedimentary bedrock",194.236287721
114,Sme_c/u,Sediment covered sedimentary bedrock,S,Continental Shelf,m,mixed,,,e,bedrock outcrop,c/u,consolidated/unconsolidated,"Mixed habitat of soft, unconsolidated sediment locally covering hard, consolidated sedimentary bedrock",16307.9710445
115,Sme_c/u,Sediment covered sedimentary bedrock,S,Continental Shelf,m,mixed,,,e,bedrock outcrop,c/u,consolidated/unconsolidated,"Mixed habitat of soft, unconsolidated sediment locally covering hard, consolidated sedimentary bedrock",668.661597503
116,Shd_c/d,Deformed and differentially eroded sedimentary bedrock outcrop,S,Continental Shelf,h,hard,,,d,"deformed, tilted and folded bedrock, overhangs",c/d,consolidated/differentially eroded,Deformed and differentially eroded sedimentary bedrock outcrop,3594.12707576
117,Shd_c/d,Deformed and differentially eroded sedimentary bedrock outcrop,S,Continental Shelf,h,hard,,,d,"deformed, tilted and folded bedrock, overhangs",c/d,consolidated/differentially eroded,Deformed and differentially eroded sedimentary bedrock outcrop,5937.81509475
118,Shd_c/d,Deformed and differentially eroded sedimentary bedrock outcrop,S,Continental Shelf,h,hard,,,d,"deformed, tilted and folded bedrock, overhangs",c/d,consolidated/differentially eroded,Deformed and differentially eroded sedimentary bedrock outcrop,930.240496190
119,Shd_c/d,Deformed and differentially eroded sedimentary bedrock outcrop,S,Continental Shelf,h,hard,,,d,"deformed, tilted and folded bedrock, overhangs",c/d,consolidated/differentially eroded,Deformed and differentially eroded sedimentary bedrock outcrop,439275.859329
120,Sh(b)/p_c,Boulder or pinnacle,S,Continental Shelf,h,hard,b,boulder,p,pinnacle,c,consolidated,Boulder or pinnacle of hard sedimentary rock on continental shelf,304.536930047
121,Shd_c/d,Deformed and differentially eroded sedimentary bedrock outcrop,S,Continental Shelf,h,hard,,,d,"deformed, tilted and folded bedrock, overhangs",c/d,consolidated/differentially eroded,Deformed and differentially eroded sedimentary bedrock outcrop,12072.9689550
122,Shd_c/d,Deformed and differentially eroded sedimentary bedrock outcrop,S,Continental Shelf,h,hard,,,d,"deformed, tilted and folded bedrock, overhangs",c/d,consolidated/differentially eroded,Deformed and differentially eroded sedimentary bedrock outcrop,1410022.04287
123,Sme_c/u,Sediment covered sedimentary bedrock,S,Continental Shelf,m,mixed,,,e,bedrock outcrop,c/u,consolidated/unconsolidated,"Mixed habitat of soft, unconsolidated sediment locally covering hard, consolidated sedimentary bedrock",18251.9547982
124,Sme_c/u,Sediment covered sedimentary bedrock,S,Continental Shelf,m,mixed,,,e,bedrock outcrop,c/u,consolidated/unconsolidated,"Mixed habitat of soft, unconsolidated sediment locally covering hard, consolidated sedimentary bedrock",250753.107494
125,Ss(s)_r/u,"Soft, unconsolidated rippled sediment (sand)",S,Continental Shelf,s,soft,s,sand,,,r/u,rippled/unconsolidated,"Soft, unconsolidated rippled sediment (sand)",1461.46817197
126,Ss(s)_r/u,"Soft, unconsolidated rippled sediment (sand)",S,Continental Shelf,s,soft,s,sand,,,r/u,rippled/unconsolidated,"Soft, unconsolidated rippled sediment (sand)",1301.86466878
127,Ss(s)_r/u,"Soft, unconsolidated rippled sediment (sand)",S,Continental Shelf,s,soft,s,sand,,,r/u,rippled/unconsolidated,"Soft, unconsolidated rippled sediment (sand)",1388.40732269
128,Ss(s)_r/u,"Soft, unconsolidated rippled sediment (sand)",S,Continental Shelf,s,soft,s,sand,,,r/u,rippled/unconsolidated,"Soft, unconsolidated rippled sediment (sand)",5803.02190185
129,Ss(s)_r/u,"Soft, unconsolidated rippled sediment (sand)",S,Continental Shelf,s,soft,s,sand,,,r/u,rippled/unconsolidated,"Soft, unconsolidated rippled sediment (sand)",1875.80621600
130,Ss(s)_r/u,"Soft, unconsolidated rippled sediment (sand)",S,Continental Shelf,s,soft,s,sand,,,r/u,rippled/unconsolidated,"Soft, unconsolidated rippled sediment (sand)",1347.02883196
131,Sh(b)/p_c,Boulder or pinnacle,S,Continental Shelf,h,hard,b,boulder,p,pinnacle,c,consolidated,Boulder or pinnacle of hard sedimentary rock on continental shelf,102.469785969
132,Sh(b)/p_c,Boulder or pinnacle,S,Continental Shelf,h,hard,b,boulder,p,pinnacle,c,consolidated,Boulder or pinnacle of hard sedimentary rock on continental shelf,92.7846627031
133,Sh(b)/p_c,Boulder or pinnacle,S,Continental Shelf,h,hard,b,boulder,p,pinnacle,c,consolidated,Boulder or pinnacle of hard sedimentary rock on continental shelf,76.2689401943
134,Sh(b)/p_c,Boulder or pinnacle,S,Continental Shelf,h,hard,b,boulder,p,pinnacle,c,consolidated,Boulder or pinnacle of hard sedimentary rock on continental shelf,108.146419203
135,Sh(b)/p_c,Boulder or pinnacle,S,Continental Shelf,h,hard,b,boulder,p,pinnacle,c,consolidated,Boulder or pinnacle of hard sedimentary rock on continental shelf,83.2613541838
136,Ss(s)_r/u,"Soft, unconsolidated rippled sediment (sand)",S,Continental Shelf,s,soft,s,sand,,,r/u,rippled/unconsolidated,"Soft, unconsolidated rippled sediment (sand)",781.841749175
137,Ss(s)m/w_u,Mobile sediment mounds,S,Continental Shelf,s,soft,s,sand,m/w,mound/dynamic bedform,u,unconsolidated,Unconsolidated dynamic mound of sediment (sand),251808.871770
138,Sh(b)/p_c,Boulder or pinnacle,S,Continental Shelf,h,hard,b,boulder,p,pinnacle,c,consolidated,Boulder or pinnacle of hard sedimentary rock on continental shelf,294.612476315
139,Sh(b)/p_c,Boulder or pinnacle,S,Continental Shelf,h,hard,b,boulder,p,pinnacle,c,consolidated,Boulder or pinnacle of hard sedimentary rock on continental shelf,366.662140560
140,Sh(b)/p_c,Boulder or pinnacle,S,Continental Shelf,h,hard,b,boulder,p,pinnacle,c,consolidated,Boulder or pinnacle of hard sedimentary rock on continental shelf,119.772352906
141,Ss(s)_r/u,"Soft, unconsolidated rippled sediment (sand)",S,Continental Shelf,s,soft,s,sand,,,r/u,rippled/unconsolidated,"Soft, unconsolidated rippled sediment (sand)",745.599916792
142,Ss(s)_r/u,"Soft, unconsolidated rippled sediment (sand)",S,Continental Shelf,s,soft,s,sand,,,r/u,rippled/unconsolidated,"Soft, unconsolidated rippled sediment (sand)",78091546.8449
143,Sh(b)/p_c,Boulder or pinnacle,S,Continental Shelf,h,hard,b,boulder,p,pinnacle,c,consolidated,Boulder or pinnacle of hard sedimentary rock on continental shelf,293.072810510
144,Sh(b)/p_c,Boulder or pinnacle,S,Continental Shelf,h,hard,b,boulder,p,pinnacle,c,consolidated,Boulder or pinnacle of hard sedimentary rock on continental shelf,282.478775100
148,Sh(b)/p_c,Boulder or pinnacle,S,Continental Shelf,h,hard,b,boulder,p,pinnacle,c,consolidated,Boulder or pinnacle of hard sedimentary rock on continental shelf,255.797049974
149,Shd_c/d,Deformed and differentially eroded sedimentary bedrock outcrop,S,Continental Shelf,h,hard,,,d,"deformed, tilted and folded bedrock, overhangs",c/d,consolidated/differentially eroded,Deformed and differentially eroded sedimentary bedrock outcrop,931.200353704
150,Shd_c/d,Deformed and differentially eroded sedimentary bedrock outcrop,S,Continental Shelf,h,hard,,,d,"deformed, tilted and folded bedrock, overhangs",c/d,consolidated/differentially eroded,Deformed and differentially eroded sedimentary bedrock outcrop,4130.40534031
151,Sme_c/u,Sediment covered sedimentary bedrock,S,Continental Shelf,m,mixed,,,e,bedrock outcrop,c/u,consolidated/unconsolidated,"Mixed habitat of soft, unconsolidated sediment locally covering hard, consolidated sedimentary bedrock",2074.97462502
153,Sme_c/u,Sediment covered sedimentary bedrock,S,Continental Shelf,m,mixed,,,e,bedrock outcrop,c/u,consolidated/unconsolidated,"Mixed habitat of soft, unconsolidated sediment locally covering hard, consolidated sedimentary bedrock",10030.8248692
154,Sme_c/u,Sediment covered sedimentary bedrock,S,Continental Shelf,m,mixed,,,e,bedrock outcrop,c/u,consolidated/unconsolidated,"Mixed habitat of soft, unconsolidated sediment locally covering hard, consolidated sedimentary bedrock",9531.58813324
155,Sme_c/u,Sediment covered sedimentary bedrock,S,Continental Shelf,m,mixed,,,e,bedrock outcrop,c/u,consolidated/unconsolidated,"Mixed habitat of soft, unconsolidated sediment locally covering hard, consolidated sedimentary bedrock",13724.8214485
156,Sh(b)/p_c,Boulder or pinnacle,S,Continental Shelf,h,hard,b,boulder,p,pinnacle,c,consolidated,Boulder or pinnacle of hard sedimentary rock on continental shelf,347.784754659
157,Shd_c/d,Deformed and differentially eroded sedimentary bedrock outcrop,S,Continental Shelf,h,hard,,,d,"deformed, tilted and folded bedrock, overhangs",c/d,consolidated/differentially eroded,Deformed and differentially eroded sedimentary bedrock outcrop,1915.95756002
158,Sh(b)/p_c,Boulder or pinnacle,S,Continental Shelf,h,hard,b,boulder,p,pinnacle,c,consolidated,Boulder or pinnacle of hard sedimentary rock on continental shelf,219.608675069
159,Sh(b)/p_c,Boulder or pinnacle,S,Continental Shelf,h,hard,b,boulder,p,pinnacle,c,consolidated,Boulder or pinnacle of hard sedimentary rock on continental shelf,152.916111132
160,Sh(b)/p_c,Boulder or pinnacle,S,Continental Shelf,h,hard,b,boulder,p,pinnacle,c,consolidated,Boulder or pinnacle of hard sedimentary rock on continental shelf,83.7865494983
161,Sh(b)/p_c,Boulder or pinnacle,S,Continental Shelf,h,hard,b,boulder,p,pinnacle,c,consolidated,Boulder or pinnacle of hard sedimentary rock on continental shelf,91.2954112891
162,Sh(b)/p_c,Boulder or pinnacle,S,Continental Shelf,h,hard,b,boulder,p,pinnacle,c,consolidated,Boulder or pinnacle of hard sedimentary rock on continental shelf,106.578260560
163,Sh(b)/p_c,Boulder or pinnacle,S,Continental Shelf,h,hard,b,boulder,p,pinnacle,c,consolidated,Boulder or pinnacle of hard sedimentary rock on continental shelf,112.444879465
164,Sh(b)/p_c,Boulder or pinnacle,S,Continental Shelf,h,hard,b,boulder,p,pinnacle,c,consolidated,Boulder or pinnacle of hard sedimentary rock on continental shelf,151.165451425
165,Sme_c/u,Sediment covered sedimentary bedrock,S,Continental Shelf,m,mixed,,,e,bedrock outcrop,c/u,consolidated/unconsolidated,"Mixed habitat of soft, unconsolidated sediment locally covering hard, consolidated sedimentary bedrock",3089.84204258
166,Sme_c/u,Sediment covered sedimentary bedrock,S,Continental Shelf,m,mixed,,,e,bedrock outcrop,c/u,consolidated/unconsolidated,"Mixed habitat of soft, unconsolidated sediment locally covering hard, consolidated sedimentary bedrock",2197.32087229
167,Sme_c/u,Sediment covered sedimentary bedrock,S,Continental Shelf,m,mixed,,,e,bedrock outcrop,c/u,consolidated/unconsolidated,"Mixed habitat of soft, unconsolidated sediment locally covering hard, consolidated sedimentary bedrock",3144.53611316
168,Sh(b)/p_c,Boulder or pinnacle,S,Continental Shelf,h,hard,b,boulder,p,pinnacle,c,consolidated,Boulder or pinnacle of hard sedimentary rock on continental shelf,495.272863025
169,Shd_c/d,Deformed and differentially eroded sedimentary bedrock outcrop,S,Continental Shelf,h,hard,,,d,"deformed, tilted and folded bedrock, overhangs",c/d,consolidated/differentially eroded,Deformed and differentially eroded sedimentary bedrock outcrop,2324.33841084
170,Shd_c/d,Deformed and differentially eroded sedimentary bedrock outcrop,S,Continental Shelf,h,hard,,,d,"deformed, tilted and folded bedrock, overhangs",c/d,consolidated/differentially eroded,Deformed and differentially eroded sedimentary bedrock outcrop,3773.89976231
171,Shd_c/d,Deformed and differentially eroded sedimentary bedrock outcrop,S,Continental Shelf,h,hard,,,d,"deformed, tilted and folded bedrock, overhangs",c/d,consolidated/differentially eroded,Deformed and differentially eroded sedimentary bedrock outcrop,4288.12838254
172,Shd_c/d,Deformed and differentially eroded sedimentary bedrock outcrop,S,Continental Shelf,h,hard,,,d,"deformed, tilted and folded bedrock, overhangs",c/d,consolidated/differentially eroded,Deformed and differentially eroded sedimentary bedrock outcrop,4708.44079233
173,Shd_c/d,Deformed and differentially eroded sedimentary bedrock outcrop,S,Continental Shelf,h,hard,,,d,"deformed, tilted and folded bedrock, overhangs",c/d,consolidated/differentially eroded,Deformed and differentially eroded sedimentary bedrock outcrop,16043.5708754
174,Sme_c/u,Sediment covered sedimentary bedrock,S,Continental Shelf,m,mixed,,,e,bedrock outcrop,c/u,consolidated/unconsolidated,"Mixed habitat of soft, unconsolidated sediment locally covering hard, consolidated sedimentary bedrock",85134.5365783
175,Shd_c/d,Deformed and differentially eroded sedimentary bedrock outcrop,S,Continental Shelf,h,hard,,,d,"deformed, tilted and folded bedrock, overhangs",c/d,consolidated/differentially eroded,Deformed and differentially eroded sedimentary bedrock outcrop,91263.4229471
176,Shd_c/d,Deformed and differentially eroded sedimentary bedrock outcrop,S,Continental Shelf,h,hard,,,d,"deformed, tilted and folded bedrock, overhangs",c/d,consolidated/differentially eroded,Deformed and differentially eroded sedimentary bedrock outcrop,516.402316474
177,Sh(b)/p_c,Boulder or pinnacle,S,Continental Shelf,h,hard,b,boulder,p,pinnacle,c,consolidated,Boulder or pinnacle of hard sedimentary rock on continental shelf,262.178082872
178,Shd_c/d,Deformed and differentially eroded sedimentary bedrock outcrop,S,Continental Shelf,h,hard,,,d,"deformed, tilted and folded bedrock, overhangs",c/d,consolidated/differentially eroded,Deformed and differentially eroded sedimentary bedrock outcrop,538.195496658
179,Sh(b)/p_c,Boulder or pinnacle,S,Continental Shelf,h,hard,b,boulder,p,pinnacle,c,consolidated,Boulder or pinnacle of hard sedimentary rock on continental shelf,327.307039208
180,Shd_c/d,Deformed and differentially eroded sedimentary bedrock outcrop,S,Continental Shelf,h,hard,,,d,"deformed, tilted and folded bedrock, overhangs",c/d,consolidated/differentially eroded,Deformed and differentially eroded sedimentary bedrock outcrop,814.030297744
181,Sh(b)/p_c,Boulder or pinnacle,S,Continental Shelf,h,hard,b,boulder,p,pinnacle,c,consolidated,Boulder or pinnacle of hard sedimentary rock on continental shelf,453.408857351
182,Shd_c/d,Deformed and differentially eroded sedimentary bedrock outcrop,S,Continental Shelf,h,hard,,,d,"deformed, tilted and folded bedrock, overhangs",c/d,consolidated/differentially eroded,Deformed and differentially eroded sedimentary bedrock outcrop,762.579043756
183,Sh(b)/p_c,Boulder or pinnacle,S,Continental Shelf,h,hard,b,boulder,p,pinnacle,c,consolidated,Boulder or pinnacle of hard sedimentary rock on continental shelf,173.024185428
184,Shd_c/d,Deformed and differentially eroded sedimentary bedrock outcrop,S,Continental Shelf,h,hard,,,d,"deformed, tilted and folded bedrock, overhangs",c/d,consolidated/differentially eroded,Deformed and differentially eroded sedimentary bedrock outcrop,1227.38948431
185,Sh(b)/p_c,Boulder or pinnacle,S,Continental Shelf,h,hard,b,boulder,p,pinnacle,c,consolidated,Boulder or pinnacle of hard sedimentary rock on continental shelf,250.266618916
186,Shd_c/d,Deformed and differentially eroded sedimentary bedrock outcrop,S,Continental Shelf,h,hard,,,d,"deformed, tilted and folded bedrock, overhangs",c/d,consolidated/differentially eroded,Deformed and differentially eroded sedimentary bedrock outcrop,1000.41086303
187,Ss(s/g)h/w_r/s/u,Rippled scour depressions (sand/gravel),S,Continental Shelf,s,soft,s/g,sand/gravel,h/w,depression/dynamic bedforms,r/s/u,rippled/scoured/unconsolidated,Rippled scour depressions (sand/gravel),11363.0786745
188,Shd_c/d,Deformed and differentially eroded sedimentary bedrock outcrop,S,Continental Shelf,h,hard,,,d,"deformed, tilted and folded bedrock, overhangs",c/d,consolidated/differentially eroded,Deformed and differentially eroded sedimentary bedrock outcrop,1019.80498481
189,Shd_c/d,Deformed and differentially eroded sedimentary bedrock outcrop,S,Continental Shelf,h,hard,,,d,"deformed, tilted and folded bedrock, overhangs",c/d,consolidated/differentially eroded,Deformed and differentially eroded sedimentary bedrock outcrop,1055.24914709
190,Sh(b)/p_c,Boulder or pinnacle,S,Continental Shelf,h,hard,b,boulder,p,pinnacle,c,consolidated,Boulder or pinnacle of hard sedimentary rock on continental shelf,440.468402693
191,Sh(b)/p_c,Boulder or pinnacle,S,Continental Shelf,h,hard,b,boulder,p,pinnacle,c,consolidated,Boulder or pinnacle of hard sedimentary rock on continental shelf,484.514124589
192,Sh(b)/p_c,Boulder or pinnacle,S,Continental Shelf,h,hard,b,boulder,p,pinnacle,c,consolidated,Boulder or pinnacle of hard sedimentary rock on continental shelf,103.694425149
193,Sh(b)/p_c,Boulder or pinnacle,S,Continental Shelf,h,hard,b,boulder,p,pinnacle,c,consolidated,Boulder or pinnacle of hard sedimentary rock on continental shelf,165.167719590
194,Sh(b)/p_c,Boulder or pinnacle,S,Continental Shelf,h,hard,b,boulder,p,pinnacle,c,consolidated,Boulder or pinnacle of hard sedimentary rock on continental shelf,256.611495398
195,Sh(b)/p_c,Boulder or pinnacle,S,Continental Shelf,h,hard,b,boulder,p,pinnacle,c,consolidated,Boulder or pinnacle of hard sedimentary rock on continental shelf,295.769583393
196,Shd_c/d,Deformed and differentially eroded sedimentary bedrock outcrop,S,Continental Shelf,h,hard,,,d,"deformed, tilted and folded bedrock, overhangs",c/d,consolidated/differentially eroded,Deformed and differentially eroded sedimentary bedrock outcrop,822.117594245
197,Shd_c/d,Deformed and differentially eroded sedimentary bedrock outcrop,S,Continental Shelf,h,hard,,,d,"deformed, tilted and folded bedrock, overhangs",c/d,consolidated/differentially eroded,Deformed and differentially eroded sedimentary bedrock outcrop,1198.17310215
198,Shd_c/d,Deformed and differentially eroded sedimentary bedrock outcrop,S,Continental Shelf,h,hard,,,d,"deformed, tilted and folded bedrock, overhangs",c/d,consolidated/differentially eroded,Deformed and differentially eroded sedimentary bedrock outcrop,2656.23837622
199,Shd_c/d,Deformed and differentially eroded sedimentary bedrock outcrop,S,Continental Shelf,h,hard,,,d,"deformed, tilted and folded bedrock, overhangs",c/d,consolidated/differentially eroded,Deformed and differentially eroded sedimentary bedrock outcrop,10239.4883624
200,Sme_c/u,Sediment covered sedimentary bedrock,S,Continental Shelf,m,mixed,,,e,bedrock outcrop,c/u,consolidated/unconsolidated,"Mixed habitat of soft, unconsolidated sediment locally covering hard, consolidated sedimentary bedrock",418114.129027
201,Shd_c/d,Deformed and differentially eroded sedimentary bedrock outcrop,S,Continental Shelf,h,hard,,,d,"deformed, tilted and folded bedrock, overhangs",c/d,consolidated/differentially eroded,Deformed and differentially eroded sedimentary bedrock outcrop,356232.895852
202,Sh(b)/p_c,Boulder or pinnacle,S,Continental Shelf,h,hard,b,boulder,p,pinnacle,c,consolidated,Boulder or pinnacle of hard sedimentary rock on continental shelf,170.741260649
203,Sh(b)/p_c,Boulder or pinnacle,S,Continental Shelf,h,hard,b,boulder,p,pinnacle,c,consolidated,Boulder or pinnacle of hard sedimentary rock on continental shelf,230.435605083
204,Sh(b)/p_c,Boulder or pinnacle,S,Continental Shelf,h,hard,b,boulder,p,pinnacle,c,consolidated,Boulder or pinnacle of hard sedimentary rock on continental shelf,320.376133258
205,Shd_c/d,Deformed and differentially eroded sedimentary bedrock outcrop,S,Continental Shelf,h,hard,,,d,"deformed, tilted and folded bedrock, overhangs",c/d,consolidated/differentially eroded,Deformed and differentially eroded sedimentary bedrock outcrop,777.157231731
206,Shd_c/d,Deformed and differentially eroded sedimentary bedrock outcrop,S,Continental Shelf,h,hard,,,d,"deformed, tilted and folded bedrock, overhangs",c/d,consolidated/differentially eroded,Deformed and differentially eroded sedimentary bedrock outcrop,1685.67071588
207,Shd_c/d,Deformed and differentially eroded sedimentary bedrock outcrop,S,Continental Shelf,h,hard,,,d,"deformed, tilted and folded bedrock, overhangs",c/d,consolidated/differentially eroded,Deformed and differentially eroded sedimentary bedrock outcrop,1964.84024965
208,Shd_c/d,Deformed and differentially eroded sedimentary bedrock outcrop,S,Continental Shelf,h,hard,,,d,"deformed, tilted and folded bedrock, overhangs",c/d,consolidated/differentially eroded,Deformed and differentially eroded sedimentary bedrock outcrop,7978.21834311
209,Sh(b)/p_c,Boulder or pinnacle,S,Continental Shelf,h,hard,b,boulder,p,pinnacle,c,consolidated,Boulder or pinnacle of hard sedimentary rock on continental shelf,233.431377668
210,Sh(b)/p_c,Boulder or pinnacle,S,Continental Shelf,h,hard,b,boulder,p,pinnacle,c,consolidated,Boulder or pinnacle of hard sedimentary rock on continental shelf,351.439559362
211,Sh(b)/p_c,Boulder or pinnacle,S,Continental Shelf,h,hard,b,boulder,p,pinnacle,c,consolidated,Boulder or pinnacle of hard sedimentary rock on continental shelf,360.723431939
212,Sh(b)/p_c,Boulder or pinnacle,S,Continental Shelf,h,hard,b,boulder,p,pinnacle,c,consolidated,Boulder or pinnacle of hard sedimentary rock on continental shelf,443.864305484
213,Shd_c/d,Deformed and differentially eroded sedimentary bedrock outcrop,S,Continental Shelf,h,hard,,,d,"deformed, tilted and folded bedrock, overhangs",c/d,consolidated/differentially eroded,Deformed and differentially eroded sedimentary bedrock outcrop,1932.96873378
214,Sh(b)/p_c,Boulder or pinnacle,S,Continental Shelf,h,hard,b,boulder,p,pinnacle,c,consolidated,Boulder or pinnacle of hard sedimentary rock on continental shelf,424.475453662
215,Shd_c/d,Deformed and differentially eroded sedimentary bedrock outcrop,S,Continental Shelf,h,hard,,,d,"deformed, tilted and folded bedrock, overhangs",c/d,consolidated/differentially eroded,Deformed and differentially eroded sedimentary bedrock outcrop,590.348903455
216,Shd_c/d,Deformed and differentially eroded sedimentary bedrock outcrop,S,Continental Shelf,h,hard,,,d,"deformed, tilted and folded bedrock, overhangs",c/d,consolidated/differentially eroded,Deformed and differentially eroded sedimentary bedrock outcrop,1088.07960403
217,Shd_c/d,Deformed and differentially eroded sedimentary bedrock outcrop,S,Continental Shelf,h,hard,,,d,"deformed, tilted and folded bedrock, overhangs",c/d,consolidated/differentially eroded,Deformed and differentially eroded sedimentary bedrock outcrop,1142.66649081
218,Shd_c/d,Deformed and differentially eroded sedimentary bedrock outcrop,S,Continental Shelf,h,hard,,,d,"deformed, tilted and folded bedrock, overhangs",c/d,consolidated/differentially eroded,Deformed and differentially eroded sedimentary bedrock outcrop,3671.57057528
219,Shd_c/d,Deformed and differentially eroded sedimentary bedrock outcrop,S,Continental Shelf,h,hard,,,d,"deformed, tilted and folded bedrock, overhangs",c/d,consolidated/differentially eroded,Deformed and differentially eroded sedimentary bedrock outcrop,10959.2561842
220,Shd_c/d,Deformed and differentially eroded sedimentary bedrock outcrop,S,Continental Shelf,h,hard,,,d,"deformed, tilted and folded bedrock, overhangs",c/d,consolidated/differentially eroded,Deformed and differentially eroded sedimentary bedrock outcrop,13715.2698722
221,Sh(b)/p_c,Boulder or pinnacle,S,Continental Shelf,h,hard,b,boulder,p,pinnacle,c,consolidated,Boulder or pinnacle of hard sedimentary rock on continental shelf,229.556722131
222,Shd_c/d,Deformed and differentially eroded sedimentary bedrock outcrop,S,Continental Shelf,h,hard,,,d,"deformed, tilted and folded bedrock, overhangs",c/d,consolidated/differentially eroded,Deformed and differentially eroded sedimentary bedrock outcrop,9591.75318452
223,Sh(b)/p_c,Boulder or pinnacle,S,Continental Shelf,h,hard,b,boulder,p,pinnacle,c,consolidated,Boulder or pinnacle of hard sedimentary rock on continental shelf,159.086252330
224,Shd_c/d,Deformed and differentially eroded sedimentary bedrock outcrop,S,Continental Shelf,h,hard,,,d,"deformed, tilted and folded bedrock, overhangs",c/d,consolidated/differentially eroded,Deformed and differentially eroded sedimentary bedrock outcrop,657.578534497
225,Shd_c/d,Deformed and differentially eroded sedimentary bedrock outcrop,S,Continental Shelf,h,hard,,,d,"deformed, tilted and folded bedrock, overhangs",c/d,consolidated/differentially eroded,Deformed and differentially eroded sedimentary bedrock outcrop,1315.65421579
226,Shd_c/d,Deformed and differentially eroded sedimentary bedrock outcrop,S,Continental Shelf,h,hard,,,d,"deformed, tilted and folded bedrock, overhangs",c/d,consolidated/differentially eroded,Deformed and differentially eroded sedimentary bedrock outcrop,3393.49677471
227,Shd_c/d,Deformed and differentially eroded sedimentary bedrock outcrop,S,Continental Shelf,h,hard,,,d,"deformed, tilted and folded bedrock, overhangs",c/d,consolidated/differentially eroded,Deformed and differentially eroded sedimentary bedrock outcrop,3656.00236482
228,Shd_c/d,Deformed and differentially eroded sedimentary bedrock outcrop,S,Continental Shelf,h,hard,,,d,"deformed, tilted and folded bedrock, overhangs",c/d,consolidated/differentially eroded,Deformed and differentially eroded sedimentary bedrock outcrop,4872.86828242
229,Shd_c/d,Deformed and differentially eroded sedimentary bedrock outcrop,S,Continental Shelf,h,hard,,,d,"deformed, tilted and folded bedrock, overhangs",c/d,consolidated/differentially eroded,Deformed and differentially eroded sedimentary bedrock outcrop,915.135151457
230,Sme_c/u,Sediment covered sedimentary bedrock,S,Continental Shelf,m,mixed,,,e,bedrock outcrop,c/u,consolidated/unconsolidated,"Mixed habitat of soft, unconsolidated sediment locally covering hard, consolidated sedimentary bedrock",4265.46699022
231,Sme_c/u,Sediment covered sedimentary bedrock,S,Continental Shelf,m,mixed,,,e,bedrock outcrop,c/u,consolidated/unconsolidated,"Mixed habitat of soft, unconsolidated sediment locally covering hard, consolidated sedimentary bedrock",2298.33224195
232,Sme_c/u,Sediment covered sedimentary bedrock,S,Continental Shelf,m,mixed,,,e,bedrock outcrop,c/u,consolidated/unconsolidated,"Mixed habitat of soft, unconsolidated sediment locally covering hard, consolidated sedimentary bedrock",8299.57641512
233,Shd_c/d,Deformed and differentially eroded sedimentary bedrock outcrop,S,Continental Shelf,h,hard,,,d,"deformed, tilted and folded bedrock, overhangs",c/d,consolidated/differentially eroded,Deformed and differentially eroded sedimentary bedrock outcrop,1243.38847951
234,Shd_c/d,Deformed and differentially eroded sedimentary bedrock outcrop,S,Continental Shelf,h,hard,,,d,"deformed, tilted and folded bedrock, overhangs",c/d,consolidated/differentially eroded,Deformed and differentially eroded sedimentary bedrock outcrop,2203.99271056
235,Sme_c/u,Sediment covered sedimentary bedrock,S,Continental Shelf,m,mixed,,,e,bedrock outcrop,c/u,consolidated/unconsolidated,"Mixed habitat of soft, unconsolidated sediment locally covering hard, consolidated sedimentary bedrock",43533.6856157
236,Shd_c/d,Deformed and differentially eroded sedimentary bedrock outcrop,S,Continental Shelf,h,hard,,,d,"deformed, tilted and folded bedrock, overhangs",c/d,consolidated/differentially eroded,Deformed and differentially eroded sedimentary bedrock outcrop,38777.7733273
237,Shd_c/d,Deformed and differentially eroded sedimentary bedrock outcrop,S,Continental Shelf,h,hard,,,d,"deformed, tilted and folded bedrock, overhangs",c/d,consolidated/differentially eroded,Deformed and differentially eroded sedimentary bedrock outcrop,5033.52137381
238,Shd_c/d,Deformed and differentially eroded sedimentary bedrock outcrop,S,Continental Shelf,h,hard,,,d,"deformed, tilted and folded bedrock, overhangs",c/d,consolidated/differentially eroded,Deformed and differentially eroded sedimentary bedrock outcrop,18206.1074365
239,Shd_c/d,Deformed and differentially eroded sedimentary bedrock outcrop,S,Continental Shelf,h,hard,,,d,"deformed, tilted and folded bedrock, overhangs",c/d,consolidated/differentially eroded,Deformed and differentially eroded sedimentary bedrock outcrop,42362.7182067
240,Sme_c/u,Sediment covered sedimentary bedrock,S,Continental Shelf,m,mixed,,,e,bedrock outcrop,c/u,consolidated/unconsolidated,"Mixed habitat of soft, unconsolidated sediment locally covering hard, consolidated sedimentary bedrock",3478.57737423
241,Sme_c/u,Sediment covered sedimentary bedrock,S,Continental Shelf,m,mixed,,,e,bedrock outcrop,c/u,consolidated/unconsolidated,"Mixed habitat of soft, unconsolidated sediment locally covering hard, consolidated sedimentary bedrock",122.867850998
242,Sme_c/u,Sediment covered sedimentary bedrock,S,Continental Shelf,m,mixed,,,e,bedrock outcrop,c/u,consolidated/unconsolidated,"Mixed habitat of soft, unconsolidated sediment locally covering hard, consolidated sedimentary bedrock",210.930932195
243,Sme_c/u,Sediment covered sedimentary bedrock,S,Continental Shelf,m,mixed,,,e,bedrock outcrop,c/u,consolidated/unconsolidated,"Mixed habitat of soft, unconsolidated sediment locally covering hard, consolidated sedimentary bedrock",248.516819109
244,Sme_c/u,Sediment covered sedimentary bedrock,S,Continental Shelf,m,mixed,,,e,bedrock outcrop,c/u,consolidated/unconsolidated,"Mixed habitat of soft, unconsolidated sediment locally covering hard, consolidated sedimentary bedrock",278.269038528
245,Sme_c/u,Sediment covered sedimentary bedrock,S,Continental Shelf,m,mixed,,,e,bedrock outcrop,c/u,consolidated/unconsolidated,"Mixed habitat of soft, unconsolidated sediment locally covering hard, consolidated sedimentary bedrock",291.065371778
246,Sme_c/u,Sediment covered sedimentary bedrock,S,Continental Shelf,m,mixed,,,e,bedrock outcrop,c/u,consolidated/unconsolidated,"Mixed habitat of soft, unconsolidated sediment locally covering hard, consolidated sedimentary bedrock",372.337150288
247,Sme_c/u,Sediment covered sedimentary bedrock,S,Continental Shelf,m,mixed,,,e,bedrock outcrop,c/u,consolidated/unconsolidated,"Mixed habitat of soft, unconsolidated sediment locally covering hard, consolidated sedimentary bedrock",650.168507401
248,Sme_c/u,Sediment covered sedimentary bedrock,S,Continental Shelf,m,mixed,,,e,bedrock outcrop,c/u,consolidated/unconsolidated,"Mixed habitat of soft, unconsolidated sediment locally covering hard, consolidated sedimentary bedrock",1116.45295526
249,Sme_c/u,Sediment covered sedimentary bedrock,S,Continental Shelf,m,mixed,,,e,bedrock outcrop,c/u,consolidated/unconsolidated,"Mixed habitat of soft, unconsolidated sediment locally covering hard, consolidated sedimentary bedrock",1308.23421737
250,Sme_c/u,Sediment covered sedimentary bedrock,S,Continental Shelf,m,mixed,,,e,bedrock outcrop,c/u,consolidated/unconsolidated,"Mixed habitat of soft, unconsolidated sediment locally covering hard, consolidated sedimentary bedrock",1390.46761381
251,Sme_c/u,Sediment covered sedimentary bedrock,S,Continental Shelf,m,mixed,,,e,bedrock outcrop,c/u,consolidated/unconsolidated,"Mixed habitat of soft, unconsolidated sediment locally covering hard, consolidated sedimentary bedrock",1541.63276764
252,Sme_c/u,Sediment covered sedimentary bedrock,S,Continental Shelf,m,mixed,,,e,bedrock outcrop,c/u,consolidated/unconsolidated,"Mixed habitat of soft, unconsolidated sediment locally covering hard, consolidated sedimentary bedrock",1659.76581940
253,Sme_c/u,Sediment covered sedimentary bedrock,S,Continental Shelf,m,mixed,,,e,bedrock outcrop,c/u,consolidated/unconsolidated,"Mixed habitat of soft, unconsolidated sediment locally covering hard, consolidated sedimentary bedrock",1959.47529680
254,Sme_c/u,Sediment covered sedimentary bedrock,S,Continental Shelf,m,mixed,,,e,bedrock outcrop,c/u,consolidated/unconsolidated,"Mixed habitat of soft, unconsolidated sediment locally covering hard, consolidated sedimentary bedrock",2280.18028837
255,Sme_c/u,Sediment covered sedimentary bedrock,S,Continental Shelf,m,mixed,,,e,bedrock outcrop,c/u,consolidated/unconsolidated,"Mixed habitat of soft, unconsolidated sediment locally covering hard, consolidated sedimentary bedrock",4108.39886925
256,Sme_c/u,Sediment covered sedimentary bedrock,S,Continental Shelf,m,mixed,,,e,bedrock outcrop,c/u,consolidated/unconsolidated,"Mixed habitat of soft, unconsolidated sediment locally covering hard, consolidated sedimentary bedrock",5869.45079116
257,Sme_c/u,Sediment covered sedimentary bedrock,S,Continental Shelf,m,mixed,,,e,bedrock outcrop,c/u,consolidated/unconsolidated,"Mixed habitat of soft, unconsolidated sediment locally covering hard, consolidated sedimentary bedrock",619.381509043
258,Sme_c/u,Sediment covered sedimentary bedrock,S,Continental Shelf,m,mixed,,,e,bedrock outcrop,c/u,consolidated/unconsolidated,"Mixed habitat of soft, unconsolidated sediment locally covering hard, consolidated sedimentary bedrock",1738.95696158
259,Shd_c/d,Deformed and differentially eroded sedimentary bedrock outcrop,S,Continental Shelf,h,hard,,,d,"deformed, tilted and folded bedrock, overhangs",c/d,consolidated/differentially eroded,Deformed and differentially eroded sedimentary bedrock outcrop,713.067843647
260,Sme_c/u,Sediment covered sedimentary bedrock,S,Continental Shelf,m,mixed,,,e,bedrock outcrop,c/u,consolidated/unconsolidated,"Mixed habitat of soft, unconsolidated sediment locally covering hard, consolidated sedimentary bedrock",106.975828913
261,Sme_c/u,Sediment covered sedimentary bedrock,S,Continental Shelf,m,mixed,,,e,bedrock outcrop,c/u,consolidated/unconsolidated,"Mixed habitat of soft, unconsolidated sediment locally covering hard, consolidated sedimentary bedrock",174.791420164
262,Sme_c/u,Sediment covered sedimentary bedrock,S,Continental Shelf,m,mixed,,,e,bedrock outcrop,c/u,consolidated/unconsolidated,"Mixed habitat of soft, unconsolidated sediment locally covering hard, consolidated sedimentary bedrock",249.173721665
263,Sme_c/u,Sediment covered sedimentary bedrock,S,Continental Shelf,m,mixed,,,e,bedrock outcrop,c/u,consolidated/unconsolidated,"Mixed habitat of soft, unconsolidated sediment locally covering hard, consolidated sedimentary bedrock",351.632611162
264,Sme_c/u,Sediment covered sedimentary bedrock,S,Continental Shelf,m,mixed,,,e,bedrock outcrop,c/u,consolidated/unconsolidated,"Mixed habitat of soft, unconsolidated sediment locally covering hard, consolidated sedimentary bedrock",423.307776291
265,Sme_c/u,Sediment covered sedimentary bedrock,S,Continental Shelf,m,mixed,,,e,bedrock outcrop,c/u,consolidated/unconsolidated,"Mixed habitat of soft, unconsolidated sediment locally covering hard, consolidated sedimentary bedrock",465.850573279
266,Sme_c/u,Sediment covered sedimentary bedrock,S,Continental Shelf,m,mixed,,,e,bedrock outcrop,c/u,consolidated/unconsolidated,"Mixed habitat of soft, unconsolidated sediment locally covering hard, consolidated sedimentary bedrock",484.289556947
267,Sme_c/u,Sediment covered sedimentary bedrock,S,Continental Shelf,m,mixed,,,e,bedrock outcrop,c/u,consolidated/unconsolidated,"Mixed habitat of soft, unconsolidated sediment locally covering hard, consolidated sedimentary bedrock",1298.58566049
268,Sme_c/u,Sediment covered sedimentary bedrock,S,Continental Shelf,m,mixed,,,e,bedrock outcrop,c/u,consolidated/unconsolidated,"Mixed habitat of soft, unconsolidated sediment locally covering hard, consolidated sedimentary bedrock",2962.07284718
269,Sme_c/u,Sediment covered sedimentary bedrock,S,Continental Shelf,m,mixed,,,e,bedrock outcrop,c/u,consolidated/unconsolidated,"Mixed habitat of soft, unconsolidated sediment locally covering hard, consolidated sedimentary bedrock",386.557515008
270,Sme_c/u,Sediment covered sedimentary bedrock,S,Continental Shelf,m,mixed,,,e,bedrock outcrop,c/u,consolidated/unconsolidated,"Mixed habitat of soft, unconsolidated sediment locally covering hard, consolidated sedimentary bedrock",153.135695990
271,Sme_c/u,Sediment covered sedimentary bedrock,S,Continental Shelf,m,mixed,,,e,bedrock outcrop,c/u,consolidated/unconsolidated,"Mixed habitat of soft, unconsolidated sediment locally covering hard, consolidated sedimentary bedrock",4582.36887105
272,Shd_c/d,Deformed and differentially eroded sedimentary bedrock outcrop,S,Continental Shelf,h,hard,,,d,"deformed, tilted and folded bedrock, overhangs",c/d,consolidated/differentially eroded,Deformed and differentially eroded sedimentary bedrock outcrop,12083.3518214
273,Sme_c/u,Sediment covered sedimentary bedrock,S,Continental Shelf,m,mixed,,,e,bedrock outcrop,c/u,consolidated/unconsolidated,"Mixed habitat of soft, unconsolidated sediment locally covering hard, consolidated sedimentary bedrock",24230.0915145
274,Shd_c/d,Deformed and differentially eroded sedimentary bedrock outcrop,S,Continental Shelf,h,hard,,,d,"deformed, tilted and folded bedrock, overhangs",c/d,consolidated/differentially eroded,Deformed and differentially eroded sedimentary bedrock outcrop,32792.3439118
275,Shd_c/d,Deformed and differentially eroded sedimentary bedrock outcrop,S,Continental Shelf,h,hard,,,d,"deformed, tilted and folded bedrock, overhangs",c/d,consolidated/differentially eroded,Deformed and differentially eroded sedimentary bedrock outcrop,1335.55494433
276,Shd_c/d,Deformed and differentially eroded sedimentary bedrock outcrop,S,Continental Shelf,h,hard,,,d,"deformed, tilted and folded bedrock, overhangs",c/d,consolidated/differentially eroded,Deformed and differentially eroded sedimentary bedrock outcrop,596.647666880
277,Sme_c/u,Sediment covered sedimentary bedrock,S,Continental Shelf,m,mixed,,,e,bedrock outcrop,c/u,consolidated/unconsolidated,"Mixed habitat of soft, unconsolidated sediment locally covering hard, consolidated sedimentary bedrock",430.247380924
278,Sme_c/u,Sediment covered sedimentary bedrock,S,Continental Shelf,m,mixed,,,e,bedrock outcrop,c/u,consolidated/unconsolidated,"Mixed habitat of soft, unconsolidated sediment locally covering hard, consolidated sedimentary bedrock",3081.48516651
279,Sh(b)/p_c,Boulder or pinnacle,S,Continental Shelf,h,hard,b,boulder,p,pinnacle,c,consolidated,Boulder or pinnacle of hard sedimentary rock on continental shelf,159.750980453
280,Sme_c/u,Sediment covered sedimentary bedrock,S,Continental Shelf,m,mixed,,,e,bedrock outcrop,c/u,consolidated/unconsolidated,"Mixed habitat of soft, unconsolidated sediment locally covering hard, consolidated sedimentary bedrock",5127.50626469
281,Sme_c/u,Sediment covered sedimentary bedrock,S,Continental Shelf,m,mixed,,,e,bedrock outcrop,c/u,consolidated/unconsolidated,"Mixed habitat of soft, unconsolidated sediment locally covering hard, consolidated sedimentary bedrock",579.509259768
282,Sme_c/u,Sediment covered sedimentary bedrock,S,Continental Shelf,m,mixed,,,e,bedrock outcrop,c/u,consolidated/unconsolidated,"Mixed habitat of soft, unconsolidated sediment locally covering hard, consolidated sedimentary bedrock",844.256524109
283,Sme_c/u,Sediment covered sedimentary bedrock,S,Continental Shelf,m,mixed,,,e,bedrock outcrop,c/u,consolidated/unconsolidated,"Mixed habitat of soft, unconsolidated sediment locally covering hard, consolidated sedimentary bedrock",2506.46481407
284,Sh(b)/p_c,Boulder or pinnacle,S,Continental Shelf,h,hard,b,boulder,p,pinnacle,c,consolidated,Boulder or pinnacle of hard sedimentary rock on continental shelf,95.3094790995
285,Sh(b)/p_c,Boulder or pinnacle,S,Continental Shelf,h,hard,b,boulder,p,pinnacle,c,consolidated,Boulder or pinnacle of hard sedimentary rock on continental shelf,105.700244454
286,Sh(b)/p_c,Boulder or pinnacle,S,Continental Shelf,h,hard,b,boulder,p,pinnacle,c,consolidated,Boulder or pinnacle of hard sedimentary rock on continental shelf,121.667340569
287,Sh(b)/p_c,Boulder or pinnacle,S,Continental Shelf,h,hard,b,boulder,p,pinnacle,c,consolidated,Boulder or pinnacle of hard sedimentary rock on continental shelf,127.403306646
288,Sme_c/u,Sediment covered sedimentary bedrock,S,Continental Shelf,m,mixed,,,e,bedrock outcrop,c/u,consolidated/unconsolidated,"Mixed habitat of soft, unconsolidated sediment locally covering hard, consolidated sedimentary bedrock",53.9309238382
289,Sme_c/u,Sediment covered sedimentary bedrock,S,Continental Shelf,m,mixed,,,e,bedrock outcrop,c/u,consolidated/unconsolidated,"Mixed habitat of soft, unconsolidated sediment locally covering hard, consolidated sedimentary bedrock",204.833766799
290,Sme_c/u,Sediment covered sedimentary bedrock,S,Continental Shelf,m,mixed,,,e,bedrock outcrop,c/u,consolidated/unconsolidated,"Mixed habitat of soft, unconsolidated sediment locally covering hard, consolidated sedimentary bedrock",423.394226927
291,Sh(b)/p_c,Boulder or pinnacle,S,Continental Shelf,h,hard,b,boulder,p,pinnacle,c,consolidated,Boulder or pinnacle of hard sedimentary rock on continental shelf,375.925080009
292,Sh(b)/p_c,Boulder or pinnacle,S,Continental Shelf,h,hard,b,boulder,p,pinnacle,c,consolidated,Boulder or pinnacle of hard sedimentary rock on continental shelf,60.6455121928
293,Sh(b)/p_c,Boulder or pinnacle,S,Continental Shelf,h,hard,b,boulder,p,pinnacle,c,consolidated,Boulder or pinnacle of hard sedimentary rock on continental shelf,172.674403616
294,Shd_c/d,Deformed and differentially eroded sedimentary bedrock outcrop,S,Continental Shelf,h,hard,,,d,"deformed, tilted and folded bedrock, overhangs",c/d,consolidated/differentially eroded,Deformed and differentially eroded sedimentary bedrock outcrop,1338.96801286
295,Shd_c/d,Deformed and differentially eroded sedimentary bedrock outcrop,S,Continental Shelf,h,hard,,,d,"deformed, tilted and folded bedrock, overhangs",c/d,consolidated/differentially eroded,Deformed and differentially eroded sedimentary bedrock outcrop,1694.25272512
296,Shd_c/d,Deformed and differentially eroded sedimentary bedrock outcrop,S,Continental Shelf,h,hard,,,d,"deformed, tilted and folded bedrock, overhangs",c/d,consolidated/differentially eroded,Deformed and differentially eroded sedimentary bedrock outcrop,1543.83626390
297,Sh(b)/p_c,Boulder or pinnacle,S,Continental Shelf,h,hard,b,boulder,p,pinnacle,c,consolidated,Boulder or pinnacle of hard sedimentary rock on continental shelf,143.509866829
298,Sh(b)/p_c,Boulder or pinnacle,S,Continental Shelf,h,hard,b,boulder,p,pinnacle,c,consolidated,Boulder or pinnacle of hard sedimentary rock on continental shelf,358.423853810
299,Sh(b)/p_c,Boulder or pinnacle,S,Continental Shelf,h,hard,b,boulder,p,pinnacle,c,consolidated,Boulder or pinnacle of hard sedimentary rock on continental shelf,362.306356848
300,Shd_c/d/f,Fractured sedimentary rock,S,Continental Shelf,h,hard,,,d,"deformed, tilted and folded bedrock, overhangs",c/d/f,consolidated/differentially eroded/fractured,"Faulted, fractured, differentially eroded, and deformed sedimentary bedrock on continental shelf",530.223648565
301,Shd_c/d/f,Fractured sedimentary rock,S,Continental Shelf,h,hard,,,d,"deformed, tilted and folded bedrock, overhangs",c/d/f,consolidated/differentially eroded/fractured,"Faulted, fractured, differentially eroded, and deformed sedimentary bedrock on continental shelf",1062.66871641
302,Sh(b)/p_c,Boulder or pinnacle,S,Continental Shelf,h,hard,b,boulder,p,pinnacle,c,consolidated,Boulder or pinnacle of hard sedimentary rock on continental shelf,60.3664599932
303,Sh(b)/p_c,Boulder or pinnacle,S,Continental Shelf,h,hard,b,boulder,p,pinnacle,c,consolidated,Boulder or pinnacle of hard sedimentary rock on continental shelf,62.1379696438
304,Sh(b)/p_c,Boulder or pinnacle,S,Continental Shelf,h,hard,b,boulder,p,pinnacle,c,consolidated,Boulder or pinnacle of hard sedimentary rock on continental shelf,485.547170358
305,Sh(b)/p_c,Boulder or pinnacle,S,Continental Shelf,h,hard,b,boulder,p,pinnacle,c,consolidated,Boulder or pinnacle of hard sedimentary rock on continental shelf,443.128214802
306,Shd_c/d,Deformed and differentially eroded sedimentary bedrock outcrop,S,Continental Shelf,h,hard,,,d,"deformed, tilted and folded bedrock, overhangs",c/d,consolidated/differentially eroded,Deformed and differentially eroded sedimentary bedrock outcrop,3065.64094407
307,Sme_c/u,Sediment covered sedimentary bedrock,S,Continental Shelf,m,mixed,,,e,bedrock outcrop,c/u,consolidated/unconsolidated,"Mixed habitat of soft, unconsolidated sediment locally covering hard, consolidated sedimentary bedrock",2859.46095895
308,Shd_c/d,Deformed and differentially eroded sedimentary bedrock outcrop,S,Continental Shelf,h,hard,,,d,"deformed, tilted and folded bedrock, overhangs",c/d,consolidated/differentially eroded,Deformed and differentially eroded sedimentary bedrock outcrop,9103.96104024
309,Shd_c/d,Deformed and differentially eroded sedimentary bedrock outcrop,S,Continental Shelf,h,hard,,,d,"deformed, tilted and folded bedrock, overhangs",c/d,consolidated/differentially eroded,Deformed and differentially eroded sedimentary bedrock outcrop,9117.71635185
310,Shd_c/d,Deformed and differentially eroded sedimentary bedrock outcrop,S,Continental Shelf,h,hard,,,d,"deformed, tilted and folded bedrock, overhangs",c/d,consolidated/differentially eroded,Deformed and differentially eroded sedimentary bedrock outcrop,51362.0139799
311,Shd_c/d,Deformed and differentially eroded sedimentary bedrock outcrop,S,Continental Shelf,h,hard,,,d,"deformed, tilted and folded bedrock, overhangs",c/d,consolidated/differentially eroded,Deformed and differentially eroded sedimentary bedrock outcrop,72461.0269902
312,Sme_c/u,Sediment covered sedimentary bedrock,S,Continental Shelf,m,mixed,,,e,bedrock outcrop,c/u,consolidated/unconsolidated,"Mixed habitat of soft, unconsolidated sediment locally covering hard, consolidated sedimentary bedrock",122104.932826
313,Shd_c/d,Deformed and differentially eroded sedimentary bedrock outcrop,S,Continental Shelf,h,hard,,,d,"deformed, tilted and folded bedrock, overhangs",c/d,consolidated/differentially eroded,Deformed and differentially eroded sedimentary bedrock outcrop,14456.3721821
314,Sh(b)/p_c,Boulder or pinnacle,S,Continental Shelf,h,hard,b,boulder,p,pinnacle,c,consolidated,Boulder or pinnacle of hard sedimentary rock on continental shelf,392.841170967
315,Shd_c/d,Deformed and differentially eroded sedimentary bedrock outcrop,S,Continental Shelf,h,hard,,,d,"deformed, tilted and folded bedrock, overhangs",c/d,consolidated/differentially eroded,Deformed and differentially eroded sedimentary bedrock outcrop,1086.75274068
316,Shd_c/d,Deformed and differentially eroded sedimentary bedrock outcrop,S,Continental Shelf,h,hard,,,d,"deformed, tilted and folded bedrock, overhangs",c/d,consolidated/differentially eroded,Deformed and differentially eroded sedimentary bedrock outcrop,3186.88972239
317,Sh(b)/p_c,Boulder or pinnacle,S,Continental Shelf,h,hard,b,boulder,p,pinnacle,c,consolidated,Boulder or pinnacle of hard sedimentary rock on continental shelf,169.977824979
318,Sme_c/u,Sediment covered sedimentary bedrock,S,Continental Shelf,m,mixed,,,e,bedrock outcrop,c/u,consolidated/unconsolidated,"Mixed habitat of soft, unconsolidated sediment locally covering hard, consolidated sedimentary bedrock",3782.70103410
319,Shd_c/d,Deformed and differentially eroded sedimentary bedrock outcrop,S,Continental Shelf,h,hard,,,d,"deformed, tilted and folded bedrock, overhangs",c/d,consolidated/differentially eroded,Deformed and differentially eroded sedimentary bedrock outcrop,64210.5164553
320,Sme_c/u,Sediment covered sedimentary bedrock,S,Continental Shelf,m,mixed,,,e,bedrock outcrop,c/u,consolidated/unconsolidated,"Mixed habitat of soft, unconsolidated sediment locally covering hard, consolidated sedimentary bedrock",52441.7474643
321,Sh(b)/p_c,Boulder or pinnacle,S,Continental Shelf,h,hard,b,boulder,p,pinnacle,c,consolidated,Boulder or pinnacle of hard sedimentary rock on continental shelf,357.022849761
322,Sh(b)/p_c,Boulder or pinnacle,S,Continental Shelf,h,hard,b,boulder,p,pinnacle,c,consolidated,Boulder or pinnacle of hard sedimentary rock on continental shelf,376.345238320
323,Shd_c/d,Deformed and differentially eroded sedimentary bedrock outcrop,S,Continental Shelf,h,hard,,,d,"deformed, tilted and folded bedrock, overhangs",c/d,consolidated/differentially eroded,Deformed and differentially eroded sedimentary bedrock outcrop,807.433888428
324,Shd_c/d,Deformed and differentially eroded sedimentary bedrock outcrop,S,Continental Shelf,h,hard,,,d,"deformed, tilted and folded bedrock, overhangs",c/d,consolidated/differentially eroded,Deformed and differentially eroded sedimentary bedrock outcrop,1637.82796569
325,Shd_c/d,Deformed and differentially eroded sedimentary bedrock outcrop,S,Continental Shelf,h,hard,,,d,"deformed, tilted and folded bedrock, overhangs",c/d,consolidated/differentially eroded,Deformed and differentially eroded sedimentary bedrock outcrop,2017.23618075
326,Ss(s/g)h/w_r/s/u,Rippled scour depressions (sand/gravel),S,Continental Shelf,s,soft,s/g,sand/gravel,h/w,depression/dynamic bedforms,r/s/u,rippled/scoured/unconsolidated,Rippled scour depressions (sand/gravel),4343.67845597
327,Shd_c/d,Deformed and differentially eroded sedimentary bedrock outcrop,S,Continental Shelf,h,hard,,,d,"deformed, tilted and folded bedrock, overhangs",c/d,consolidated/differentially eroded,Deformed and differentially eroded sedimentary bedrock outcrop,31553.3505012
328,Sme_c/u,Sediment covered sedimentary bedrock,S,Continental Shelf,m,mixed,,,e,bedrock outcrop,c/u,consolidated/unconsolidated,"Mixed habitat of soft, unconsolidated sediment locally covering hard, consolidated sedimentary bedrock",85970.5353859
329,Shd_c/d,Deformed and differentially eroded sedimentary bedrock outcrop,S,Continental Shelf,h,hard,,,d,"deformed, tilted and folded bedrock, overhangs",c/d,consolidated/differentially eroded,Deformed and differentially eroded sedimentary bedrock outcrop,49184.0330919
330,Sme_c/u,Sediment covered sedimentary bedrock,S,Continental Shelf,m,mixed,,,e,bedrock outcrop,c/u,consolidated/unconsolidated,"Mixed habitat of soft, unconsolidated sediment locally covering hard, consolidated sedimentary bedrock",35730.7905943
331,Shd_c/d,Deformed and differentially eroded sedimentary bedrock outcrop,S,Continental Shelf,h,hard,,,d,"deformed, tilted and folded bedrock, overhangs",c/d,consolidated/differentially eroded,Deformed and differentially eroded sedimentary bedrock outcrop,2313.51153364
332,Sme_c/u,Sediment covered sedimentary bedrock,S,Continental Shelf,m,mixed,,,e,bedrock outcrop,c/u,consolidated/unconsolidated,"Mixed habitat of soft, unconsolidated sediment locally covering hard, consolidated sedimentary bedrock",78961.4844928
333,Sh(b)/p_c,Boulder or pinnacle,S,Continental Shelf,h,hard,b,boulder,p,pinnacle,c,consolidated,Boulder or pinnacle of hard sedimentary rock on continental shelf,430.090631843
334,Sh(b)/p_c,Boulder or pinnacle,S,Continental Shelf,h,hard,b,boulder,p,pinnacle,c,consolidated,Boulder or pinnacle of hard sedimentary rock on continental shelf,491.346424894
335,Shd_c/d,Deformed and differentially eroded sedimentary bedrock outcrop,S,Continental Shelf,h,hard,,,d,"deformed, tilted and folded bedrock, overhangs",c/d,consolidated/differentially eroded,Deformed and differentially eroded sedimentary bedrock outcrop,555.224768096
336,Shd_c/d,Deformed and differentially eroded sedimentary bedrock outcrop,S,Continental Shelf,h,hard,,,d,"deformed, tilted and folded bedrock, overhangs",c/d,consolidated/differentially eroded,Deformed and differentially eroded sedimentary bedrock outcrop,2463.28656501
337,Ss(s)_r/u,"Soft, unconsolidated rippled sediment (sand)",S,Continental Shelf,s,soft,s,sand,,,r/u,rippled/unconsolidated,"Soft, unconsolidated rippled sediment (sand)",77310.1124420
338,Ss(s/g)_r/u,"Soft, unconsolidated rippled sediment (sand/gravel)",S,Continental Shelf,s,soft,s/g,coarse sand/gravel,,,r/u,rippled/unconsolidated,"Soft, unconsolidated rippled sediment (sand/gravel)",626613.354329
339,Sme_c/u,Sediment covered sedimentary bedrock,S,Continental Shelf,m,mixed,,,e,bedrock outcrop,c/u,consolidated/unconsolidated,"Mixed habitat of soft, unconsolidated sediment locally covering hard, consolidated sedimentary bedrock",45788.0513496
340,Sme_c/u,Sediment covered sedimentary bedrock,S,Continental Shelf,m,mixed,,,e,bedrock outcrop,c/u,consolidated/unconsolidated,"Mixed habitat of soft, unconsolidated sediment locally covering hard, consolidated sedimentary bedrock",7034.34143092
341,Sme_c/u,Sediment covered sedimentary bedrock,S,Continental Shelf,m,mixed,,,e,bedrock outcrop,c/u,consolidated/unconsolidated,"Mixed habitat of soft, unconsolidated sediment locally covering hard, consolidated sedimentary bedrock",48900.3766567
342,Sme_c/u,Sediment covered sedimentary bedrock,S,Continental Shelf,m,mixed,,,e,bedrock outcrop,c/u,consolidated/unconsolidated,"Mixed habitat of soft, unconsolidated sediment locally covering hard, consolidated sedimentary bedrock",43185.4904584
343,Sme_c/u,Sediment covered sedimentary bedrock,S,Continental Shelf,m,mixed,,,e,bedrock outcrop,c/u,consolidated/unconsolidated,"Mixed habitat of soft, unconsolidated sediment locally covering hard, consolidated sedimentary bedrock",9294.11392401
344,Sme_c/u,Sediment covered sedimentary bedrock,S,Continental Shelf,m,mixed,,,e,bedrock outcrop,c/u,consolidated/unconsolidated,"Mixed habitat of soft, unconsolidated sediment locally covering hard, consolidated sedimentary bedrock",2606.27095473
345,Sme_c/u,Sediment covered sedimentary bedrock,S,Continental Shelf,m,mixed,,,e,bedrock outcrop,c/u,consolidated/unconsolidated,"Mixed habitat of soft, unconsolidated sediment locally covering hard, consolidated sedimentary bedrock",7094.09480800
346,Sme_c/u,Sediment covered sedimentary bedrock,S,Continental Shelf,m,mixed,,,e,bedrock outcrop,c/u,consolidated/unconsolidated,"Mixed habitat of soft, unconsolidated sediment locally covering hard, consolidated sedimentary bedrock",7942.46307075
347,Shd_c/d/f,Fractured sedimentary rock,S,Continental Shelf,h,hard,,,d,"deformed, tilted and folded bedrock, overhangs",c/d/f,consolidated/differentially eroded/fractured,"Faulted, fractured, differentially eroded, and deformed sedimentary bedrock on continental shelf",17883.2865990
348,Shd_c/d/f,Fractured sedimentary rock,S,Continental Shelf,h,hard,,,d,"deformed, tilted and folded bedrock, overhangs",c/d/f,consolidated/differentially eroded/fractured,"Faulted, fractured, differentially eroded, and deformed sedimentary bedrock on continental shelf",24053.6839117
349,Shd_c/d/f,Fractured sedimentary rock,S,Continental Shelf,h,hard,,,d,"deformed, tilted and folded bedrock, overhangs",c/d/f,consolidated/differentially eroded/fractured,"Faulted, fractured, differentially eroded, and deformed sedimentary bedrock on continental shelf",3990.92406913
350,Sme_c/u,Sediment covered sedimentary bedrock,S,Continental Shelf,m,mixed,,,e,bedrock outcrop,c/u,consolidated/unconsolidated,"Mixed habitat of soft, unconsolidated sediment locally covering hard, consolidated sedimentary bedrock",111722.163883
351,Sme_c/u,Sediment covered sedimentary bedrock,S,Continental Shelf,m,mixed,,,e,bedrock outcrop,c/u,consolidated/unconsolidated,"Mixed habitat of soft, unconsolidated sediment locally covering hard, consolidated sedimentary bedrock",15154.9049260
352,Sme_c/u,Sediment covered sedimentary bedrock,S,Continental Shelf,m,mixed,,,e,bedrock outcrop,c/u,consolidated/unconsolidated,"Mixed habitat of soft, unconsolidated sediment locally covering hard, consolidated sedimentary bedrock",6896.43627226
353,Sme_c/u,Sediment covered sedimentary bedrock,S,Continental Shelf,m,mixed,,,e,bedrock outcrop,c/u,consolidated/unconsolidated,"Mixed habitat of soft, unconsolidated sediment locally covering hard, consolidated sedimentary bedrock",114526.376418
354,Sh(b)/p_c,Boulder or pinnacle,S,Continental Shelf,h,hard,b,boulder,p,pinnacle,c,consolidated,Boulder or pinnacle of hard sedimentary rock on continental shelf,379.705049808
355,Shd_c/d/f,Fractured sedimentary rock,S,Continental Shelf,h,hard,,,d,"deformed, tilted and folded bedrock, overhangs",c/d/f,consolidated/differentially eroded/fractured,"Faulted, fractured, differentially eroded, and deformed sedimentary bedrock on continental shelf",579.638292301
356,Shd_c/d/f,Fractured sedimentary rock,S,Continental Shelf,h,hard,,,d,"deformed, tilted and folded bedrock, overhangs",c/d/f,consolidated/differentially eroded/fractured,"Faulted, fractured, differentially eroded, and deformed sedimentary bedrock on continental shelf",3076.84215860
357,Shd_c/d/f,Fractured sedimentary rock,S,Continental Shelf,h,hard,,,d,"deformed, tilted and folded bedrock, overhangs",c/d/f,consolidated/differentially eroded/fractured,"Faulted, fractured, differentially eroded, and deformed sedimentary bedrock on continental shelf",573.056579024
358,Sme_c/u,Sediment covered sedimentary bedrock,S,Continental Shelf,m,mixed,,,e,bedrock outcrop,c/u,consolidated/unconsolidated,"Mixed habitat of soft, unconsolidated sediment locally covering hard, consolidated sedimentary bedrock",82848.1737640
359,Sh(b)/p_c,Boulder or pinnacle,S,Continental Shelf,h,hard,b,boulder,p,pinnacle,c,consolidated,Boulder or pinnacle of hard sedimentary rock on continental shelf,140.497484106
360,Sh(b)/p_c,Boulder or pinnacle,S,Continental Shelf,h,hard,b,boulder,p,pinnacle,c,consolidated,Boulder or pinnacle of hard sedimentary rock on continental shelf,143.947064095
361,Sh(b)/p_c,Boulder or pinnacle,S,Continental Shelf,h,hard,b,boulder,p,pinnacle,c,consolidated,Boulder or pinnacle of hard sedimentary rock on continental shelf,158.385591641
362,Shd_c/d/f,Fractured sedimentary rock,S,Continental Shelf,h,hard,,,d,"deformed, tilted and folded bedrock, overhangs",c/d/f,consolidated/differentially eroded/fractured,"Faulted, fractured, differentially eroded, and deformed sedimentary bedrock on continental shelf",511.745684953
363,Sme_c/u,Sediment covered sedimentary bedrock,S,Continental Shelf,m,mixed,,,e,bedrock outcrop,c/u,consolidated/unconsolidated,"Mixed habitat of soft, unconsolidated sediment locally covering hard, consolidated sedimentary bedrock",5909.47835500
364,Sme_c/u,Sediment covered sedimentary bedrock,S,Continental Shelf,m,mixed,,,e,bedrock outcrop,c/u,consolidated/unconsolidated,"Mixed habitat of soft, unconsolidated sediment locally covering hard, consolidated sedimentary bedrock",10210.8256949
365,Sme_c/u,Sediment covered sedimentary bedrock,S,Continental Shelf,m,mixed,,,e,bedrock outcrop,c/u,consolidated/unconsolidated,"Mixed habitat of soft, unconsolidated sediment locally covering hard, consolidated sedimentary bedrock",9573.35547316
366,Sme_c/u,Sediment covered sedimentary bedrock,S,Continental Shelf,m,mixed,,,e,bedrock outcrop,c/u,consolidated/unconsolidated,"Mixed habitat of soft, unconsolidated sediment locally covering hard, consolidated sedimentary bedrock",12528.8645206
367,Sme_c/u,Sediment covered sedimentary bedrock,S,Continental Shelf,m,mixed,,,e,bedrock outcrop,c/u,consolidated/unconsolidated,"Mixed habitat of soft, unconsolidated sediment locally covering hard, consolidated sedimentary bedrock",3417.75370629
368,Shd_c/d/f,Fractured sedimentary rock,S,Continental Shelf,h,hard,,,d,"deformed, tilted and folded bedrock, overhangs",c/d/f,consolidated/differentially eroded/fractured,"Faulted, fractured, differentially eroded, and deformed sedimentary bedrock on continental shelf",4536.03510814
369,Shd_c/d/f,Fractured sedimentary rock,S,Continental Shelf,h,hard,,,d,"deformed, tilted and folded bedrock, overhangs",c/d/f,consolidated/differentially eroded/fractured,"Faulted, fractured, differentially eroded, and deformed sedimentary bedrock on continental shelf",569.871879866
370,Shd_c/d/f,Fractured sedimentary rock,S,Continental Shelf,h,hard,,,d,"deformed, tilted and folded bedrock, overhangs",c/d/f,consolidated/differentially eroded/fractured,"Faulted, fractured, differentially eroded, and deformed sedimentary bedrock on continental shelf",655.242569572
371,Shd_c/d/f,Fractured sedimentary rock,S,Continental Shelf,h,hard,,,d,"deformed, tilted and folded bedrock, overhangs",c/d/f,consolidated/differentially eroded/fractured,"Faulted, fractured, differentially eroded, and deformed sedimentary bedrock on continental shelf",843.940856439
372,Shd_c/d/f,Fractured sedimentary rock,S,Continental Shelf,h,hard,,,d,"deformed, tilted and folded bedrock, overhangs",c/d/f,consolidated/differentially eroded/fractured,"Faulted, fractured, differentially eroded, and deformed sedimentary bedrock on continental shelf",1222.11905064
373,Shd_c/d/f,Fractured sedimentary rock,S,Continental Shelf,h,hard,,,d,"deformed, tilted and folded bedrock, overhangs",c/d/f,consolidated/differentially eroded/fractured,"Faulted, fractured, differentially eroded, and deformed sedimentary bedrock on continental shelf",4577.81252072
374,Sme_c/u,Sediment covered sedimentary bedrock,S,Continental Shelf,m,mixed,,,e,bedrock outcrop,c/u,consolidated/unconsolidated,"Mixed habitat of soft, unconsolidated sediment locally covering hard, consolidated sedimentary bedrock",703013.250368
375,Shd_c/d/f,Fractured sedimentary rock,S,Continental Shelf,h,hard,,,d,"deformed, tilted and folded bedrock, overhangs",c/d/f,consolidated/differentially eroded/fractured,"Faulted, fractured, differentially eroded, and deformed sedimentary bedrock on continental shelf",935005.822110
376,Shd_c/d/f,Fractured sedimentary rock,S,Continental Shelf,h,hard,,,d,"deformed, tilted and folded bedrock, overhangs",c/d/f,consolidated/differentially eroded/fractured,"Faulted, fractured, differentially eroded, and deformed sedimentary bedrock on continental shelf",3063034.21749
377,Shd_c/d/f,Fractured sedimentary rock,S,Continental Shelf,h,hard,,,d,"deformed, tilted and folded bedrock, overhangs",c/d/f,consolidated/differentially eroded/fractured,"Faulted, fractured, differentially eroded, and deformed sedimentary bedrock on continental shelf",30651.0436854
378,Shd_c/d/f,Fractured sedimentary rock,S,Continental Shelf,h,hard,,,d,"deformed, tilted and folded bedrock, overhangs",c/d/f,consolidated/differentially eroded/fractured,"Faulted, fractured, differentially eroded, and deformed sedimentary bedrock on continental shelf",14320.8406356
379,Shd_c/d/f,Fractured sedimentary rock,S,Continental Shelf,h,hard,,,d,"deformed, tilted and folded bedrock, overhangs",c/d/f,consolidated/differentially eroded/fractured,"Faulted, fractured, differentially eroded, and deformed sedimentary bedrock on continental shelf",38418.3609608
380,Sme_c/u,Sediment covered sedimentary bedrock,S,Continental Shelf,m,mixed,,,e,bedrock outcrop,c/u,consolidated/unconsolidated,"Mixed habitat of soft, unconsolidated sediment locally covering hard, consolidated sedimentary bedrock",456779.487783
381,Shd_c/d/f,Fractured sedimentary rock,S,Continental Shelf,h,hard,,,d,"deformed, tilted and folded bedrock, overhangs",c/d/f,consolidated/differentially eroded/fractured,"Faulted, fractured, differentially eroded, and deformed sedimentary bedrock on continental shelf",3266.87165913
382,Shd_c/d/f,Fractured sedimentary rock,S,Continental Shelf,h,hard,,,d,"deformed, tilted and folded bedrock, overhangs",c/d/f,consolidated/differentially eroded/fractured,"Faulted, fractured, differentially eroded, and deformed sedimentary bedrock on continental shelf",9461.56065032
383,Shd_c/d/f,Fractured sedimentary rock,S,Continental Shelf,h,hard,,,d,"deformed, tilted and folded bedrock, overhangs",c/d/f,consolidated/differentially eroded/fractured,"Faulted, fractured, differentially eroded, and deformed sedimentary bedrock on continental shelf",5588.12267844
384,Sh(b)/p_c,Boulder or pinnacle,S,Continental Shelf,h,hard,b,boulder,p,pinnacle,c,consolidated,Boulder or pinnacle of hard sedimentary rock on continental shelf,426.810253211
385,Sme_c/u,Sediment covered sedimentary bedrock,S,Continental Shelf,m,mixed,,,e,bedrock outcrop,c/u,consolidated/unconsolidated,"Mixed habitat of soft, unconsolidated sediment locally covering hard, consolidated sedimentary bedrock",18138.9022643
142,Ss(s)m/w_u,Mobile sediment mounds,S,Continental Shelf,s,soft,s,sand,m/w,mound/dynamic bedform,u,unconsolidated,Unconsolidated dynamic mound of sediment (sand),1956375.33538
137,Ss(s)_r/u,"Soft, unconsolidated rippled sediment (sand)",S,Continental Shelf,s,soft,s,sand,,,r/u,rippled/unconsolidated,"Soft, unconsolidated rippled sediment (sand)",47158.2638881
142,Ss(s/m)_r/u,"Soft, unconsolidated rippled sediment (fine sand/mud)",S,Continental Shelf,s,soft,s/m,fine sand/mud,,,r/u,rippled/unconsolidated,"Soft, unconsolidated rippled sediment (fine sand/mud)",25170575.2622
152,Sme_c/u,Sediment covered sedimentary bedrock,S,Continental Shelf,m,mixed,,,e,bedrock outcrop,c/u,consolidated/unconsolidated,"Mixed habitat of soft, unconsolidated sediment locally covering hard, consolidated sedimentary bedrock",27983.6346101
